ID,resName1,PDB Classification,Uniprot Acc
1,CO,"PROTEIN
2,BINDING,
3,CO,AMINOPEPTIDASE,P56218
4,CO,BIOSYNTHETIC
5,PROTEIN,B3DUR4
6,CO,BIOSYNTHETIC
7,PROTEIN,P39639
8,CO,CELL
9,ADHESION,B4EV65
10,CO,CELL
11,ADHESION,P98066
12,CO,CELL
13,CYCLE,P36094
14,CO,CHAPERONE,A8WFV1
15,CO,CHAPERONE,Q61937
16,CO,CHAPERONE,Q9CQJ2
17,CO,CYTOKINE/CYTOKINE
18,RECEPTOR,P20333
19,CO,DNA
20,BINDING
21,PROTEIN,P79005
22,CO,DNA
23,BINDING
24,PROTEIN,Q01543
25,CO,DNA
26,BINDING
27,PROTEIN/CELL
28,CYCLE,P51834
29,CO,HORMONE,P01308
30,CO,HYDROLASE(PHOSPHORIC
31,DIESTER),P00644
32,CO,HYDROLASE,C7C422
33,CO,HYDROLASE,P00817
34,CO,HYDROLASE,P0A078
35,CO,HYDROLASE,P0A434
36,CO,HYDROLASE,P39900
37,CO,HYDROLASE,P53582
38,CO,HYDROLASE,Q93LD7
39,CO,HYDROLASE,Q9RVU2
40,CO,IMMUNE
41,SYSTEM,
42,CO,ISOMERASE(INTRAMOLECULAR
43,OXIDOREDUCTASE),P12851
44,CO,ISOMERASE,5.1.99.1
45,CO,ISOMERASE,P50910
46,CO,ISOMERASE,Q9ZAI3
47,CO,LYASE,P15007
48,CO,LYASE,P16622
49,CO,METAL
50,BINDING
51,PROTEIN,A1SR01
52,CO,MOTOR
53,PROTEIN,
54,CO,OXIDOREDUCTASE,P12807
55,CO,PROTEIN
56,BINDING,Q8DKB5
57,CO,PROTEIN
58,FIBRIL,H6VRG1
59,CO,PROTEIN
60,TRANSPORT,P20339
61,CO,PROTEIN
62,TRANSPORT,Q02821
63,CO,REPRESSOR,P0DJL7
64,CO,RNA
65,BINDING
66,PROTEIN,Q6P2Q9
67,CO,TOXIN,B4F366
68,CO,TRANSCRIPTION,A0A0X8K2V1
69,CO,TRANSFERASE,2.3.3.14
70,CO,TRANSFERASE,P09838
71,CO,TRANSFERASE,P9WMN3
72,CO,TRANSFERASE/TRANSFERASE
73,INHIBITOR,O87198
74,CO,TRANSLATION,A0A0J9X1Z5
75,CO,TRANSPORT
76,PROTEIN,Q1R2W8
77,CO,UNKNOWN
78,FUNCTION,Q83DW0
79,CO,VIRAL
80,PROTEIN,P03355
81,CO,VIRUS
82,LIKE
83,PARTICLE,Q703G9
84,CO,hydrolase/hydrolase
85,inhibitor,P53582
86,CU,"OXIDOREDUCTASE,1.15.1.1
87,CU,"Oxidoreductase,
88,CU,ALLERGEN,B3STU4
89,CU,BLOOD
90,CLOTTING,Q28107
91,CU,BLOOD
92,CLOTTING,Q7SZN0
93,CU,CARBOHYDRATE,D9SZQ3
94,CU,CELL
95,ADHESION,P16284
96,CU,CHAPERONE,A0A158RFT6
97,CU,CHAPERONE,Q89VB6
98,CU,CHAPERONE,Q93J41
99,CU,CHITIN-BINDING
100,PROTEIN,A0A0H3GIZ6
101,CU,CHITIN-BINDING
102,PROTEIN,Q838S1
103,CU,ELECTRON
104,TRANSFER(CUPROPROTEIN),P04171
105,CU,ELECTRON
106,TRANSFER(CUPROPROTEIN),P04377
107,CU,ELECTRON
108,TRANSFER,P27197
109,CU,ELECTRON
110,TRANSPORT,A7VL37
111,CU,ELECTRON
112,TRANSPORT,P0C918
113,CU,ELECTRON
114,TRANSPORT,P12335
115,CU,ELECTRON
116,TRANSPORT,P29602
117,CU,ELECTRON
118,TRANSPORT,P42849
119,CU,ELECTRON
120,TRANSPORT,P80728
121,CU,ELECTRON
122,TRANSPORT,Q8RMH6
123,CU,HYDROLASE,
124,4.3.2.5"
125,CU,IMMUNE
126,SYSTEM,P61769
127,CU,IMMUNE
128,SYSTEM,Q62192
129,CU,MEMBRANE
130,PROTEIN,G3XD89
131,CU,MEMBRANE
132,PROTEIN,P18895
133,CU,METAL
134,BINDING
135,PROTEIN,A0A2D2CWX5
136,CU,METAL
137,BINDING
138,PROTEIN,A0A4P9I8G4
139,CU,METAL
140,BINDING
141,PROTEIN,A9A2G4
142,CU,METAL
143,BINDING
144,PROTEIN,C3JYL7
145,CU,METAL
146,BINDING
147,PROTEIN,G1UBC6
148,CU,METAL
149,BINDING
150,PROTEIN,O58720
151,CU,METAL
152,BINDING
153,PROTEIN,P00282
154,CU,METAL
155,BINDING
156,PROTEIN,P23833
157,CU,METAL
158,BINDING
159,PROTEIN,P36649
160,CU,METAL
161,BINDING
162,PROTEIN,P73600
163,CU,METAL
164,BINDING
165,PROTEIN,Q58AD3
166,CU,METAL
167,BINDING
168,PROTEIN,Q820S6
169,CU,METAL
170,TRANSPORT,A0A1S4NYE6
171,CU,METAL
172,TRANSPORT,P17259
173,CU,METAL
174,TRANSPORT,P77214
175,CU,OXIDASE,Q16853
176,CU,OXIDASE,Q6H9H7
177,CU,OXIDOREDUCTASE(OXYGEN
178,ACCEPTOR),P37064
179,CU,OXIDOREDUCTASE,
180,4.3.2.5"
181,CU,OXIDOREDUCTASE,1.10.3.1
182,CU,OXIDOREDUCTASE,1.10.3.2
183,CU,OXIDOREDUCTASE,1.13.11.24
184,CU,OXIDOREDUCTASE,A0A0M3U1T9
185,CU,OXIDOREDUCTASE,A0A3F2YLU5
186,CU,OXIDOREDUCTASE,A6X5N0
187,CU,OXIDOREDUCTASE,B2L9C1
188,CU,OXIDOREDUCTASE,E3Q9X3
189,CU,OXIDOREDUCTASE,F6N9E7
190,CU,OXIDOREDUCTASE,P00445
191,CU,OXIDOREDUCTASE,P09172
192,CU,OXIDOREDUCTASE,P14925
193,CU,OXIDOREDUCTASE,P19801
194,CU,OXIDOREDUCTASE,P19919
195,CU,OXIDOREDUCTASE,Q12571
196,CU,OXIDOREDUCTASE,Q1W6B1
197,CU,OXIDOREDUCTASE,Q2T7K1
198,CU,OXIDOREDUCTASE,Q43077
199,CU,OXIDOREDUCTASE,Q5I7J0
200,CU,OXIDOREDUCTASE,Q70KY3
201,CU,OXIDOREDUCTASE,Q8TG94
202,CU,OXIDOREDUCTASE,Q96X16
203,CU,OXIDOREDUCTASE,Q9ZP19
204,CU,OXYGEN
205,STORAGE/TRANSPORT,P83040
206,CU,OXYGEN
207,TRANSPORT,P04253
208,CU,OXYGEN
209,TRANSPORT,P04254
210,CU,PLANT
211,PROTEIN,A0A2R2JFS1
212,CU,PLANT
213,PROTEIN,Q8S4P9
214,CU,SIGNALING
215,PROTEIN,O49004
216,CU,STRUCTURAL
217,PROTEIN,Q25C86
218,CU,SUGAR
219,BINDING
220,PROTEIN,
221,CPB33A"
222,CU,SUGAR
223,BINDING
224,PROTEIN,W5QLL4
225,CU,TOXIN,Q9LCB8
226,CU,TRANSPORT
227,PROTEIN,P02766
228,CU,UNKNOWN
229,FUNCTION,A0A0S2GKZ1
230,CU,UNKNOWN
231,FUNCTION,Q7MSJ8
232,CU,VIRAL
233,PROTEIN,Q83389
234,CU1,BLOOD
235,CLOTTING,"P00451
236,CU1,CHAPERONE,O32221
237,CU1,COPPER-BINDING
238,PROTEIN,A0A1I9GEP2
239,CU1,COPPER-BINDING
240,PROTEIN,H8GPE3
241,CU1,ELECTRON
242,TRANSPORT
243,(CUPROPROTEIN),P56275
244,CU1,ELECTRON
245,TRANSPORT,P50057
246,CU1,METAL
247,BINDING
248,PROTEIN,
249,CU1,METAL
250,BINDING
251,PROTEIN,A7NNM5
252,CU1,METAL
253,BINDING
254,PROTEIN,P00282
255,CU1,METAL
256,BINDING
257,PROTEIN,Q58AD3
258,CU1,METAL
259,BINDING
260,PROTEIN,Q9RT80
261,CU1,METAL
262,BINDING
263,PROTEIN,Q9X8F4
264,CU1,METAL
265,TRANSPORT,
266,CU1,METAL
267,TRANSPORT,A0A0H2ZPL4
268,CU1,METAL
269,TRANSPORT,O00244
270,CU1,METAL
271,TRANSPORT,O32221
272,CU1,METAL
273,TRANSPORT,Q5SGY7
274,CU1,PLANT
275,PROTEIN,O82080
276,CU1,TRANSCRIPTION
277,REPRESSOR,A4INJ9
278,FE,"STRUCTURAL
279,GENOMICS,
280,FE,"STRUCTURAL
281,GENOMICS,
282,putative
283,structural
284,protein"
285,FE,"Structural
286,genomics,
287,FE,BIOSYNTHETIC
288,PROTEIN,P39639
289,FE,CELL
290,INVASION,B7VFI6
291,FE,DIOXYGENASE,1.13.11.8
292,FE,DNA
293,BINDING
294,PROTEIN,Q9RS64
295,FE,ELECTRON
296,TRANSPORT,P22076
297,FE,ELECTRON
298,TRANSPORT,P24297
299,FE,ELECTRON
300,TRANSPORT,Q8TQ92
301,FE,HYDROLASE,3.1.4.16
302,FE,HYDROLASE,F6MIW5
303,FE,HYDROLASE,P25524
304,FE,HYDROLASE,P68826
305,FE,HYDROLASE,Q4WMJ8
306,FE,HYDROLASE,Q5KX27
307,FE,HYDROLASE,Q5KZU5
308,FE,HYDROLASE,Q8IJP2
309,FE,HYDROLASE,Q8SR45
310,FE,HYDROLASE,Q8ZRM2
311,FE,HYDROLASE,Q97VT7
312,FE,IRON
313,STORAGE/ELECTRON
314,TRANSPORT,Q93PP9
315,FE,IRON
316,TRANSPORT,P35755
317,FE,METAL
318,BINDING
319,PROTEIN,A0A0F5HNH9
320,FE,METAL
321,BINDING
322,PROTEIN,F2RB80
323,FE,METAL
324,BINDING
325,PROTEIN,F2RB83
326,FE,METAL
327,BINDING
328,PROTEIN,G2LET6
329,FE,METAL
330,BINDING
331,PROTEIN,P02792
332,FE,METAL
333,BINDING
334,PROTEIN,P35755
335,FE,METAL
336,BINDING
337,PROTEIN,P9WPQ9
338,FE,METAL
339,BINDING
340,PROTEIN,Q2YKI4
341,FE,METAL
342,BINDING
343,PROTEIN,Q3J696
344,FE,METAL
345,BINDING
346,PROTEIN,Q52SA9
347,FE,METAL
348,BINDING
349,PROTEIN,Q7VXW9
350,FE,METAL
351,BINDING
352,PROTEIN,Q8A8Q1
353,FE,METAL
354,BINDING
355,PROTEIN,Q9S529
356,FE,METAL
357,BINDING
358,PROTEIN,Q9X0L2
359,FE,METAL
360,BINDING
361,PROTEIN,Q9Z4N6
362,FE,METAL
363,BINDING
364,PROTEIN,T1K8P1
365,FE,METAL
366,TRANSPORT,P48329
367,FE,METAL
368,TRANSPORT,Q5LAA6
369,FE,METAL
370,TRANSPORT,Q8U2T8
371,FE,OXIDOREDUCTASE,
372,FE,OXIDOREDUCTASE,
373,extradiol
374,protein"
375,FE,OXIDOREDUCTASE,1.1.1.1
376,FE,OXIDOREDUCTASE,1.13.11.1
377,FE,OXIDOREDUCTASE,1.13.11.18
378,FE,OXIDOREDUCTASE,1.13.11.2
379,FE,OXIDOREDUCTASE,1.13.11.37
380,FE,OXIDOREDUCTASE,1.13.11.5
381,FE,OXIDOREDUCTASE,A0A452CSW8
382,FE,OXIDOREDUCTASE,A0QZ23
383,FE,OXIDOREDUCTASE,B1MIR1
384,FE,OXIDOREDUCTASE,C1DFH7
385,FE,OXIDOREDUCTASE,C6FI44
386,FE,OXIDOREDUCTASE,G2NEL6
387,FE,OXIDOREDUCTASE,O29903
388,FE,OXIDOREDUCTASE,P00439
389,FE,OXIDOREDUCTASE,P22869
390,FE,OXIDOREDUCTASE,P42106
391,FE,OXIDOREDUCTASE,P9WKZ1
392,FE,OXIDOREDUCTASE,Q47XN7
393,FE,OXIDOREDUCTASE,Q50497
394,FE,OXIDOREDUCTASE,Q74MF3
395,FE,OXIDOREDUCTASE,Q84AQ2
396,FE,OXIDOREDUCTASE,Q8VX11
397,FE,OXIDOREDUCTASE,Q9WZC6
398,FE,OXIDOREDUCTASE,Q9WZS7
399,FE,OXIDOREDUCTASE,V6TJK7
400,FE,OXYGEN
401,TRANSPORT,P68871
402,FE,PROTEIN
403,BINDING,Q9UKA1
404,FE,SIGNALING
405,PROTEIN,M2CWM4
406,FE,STRUCTURAL
407,PROTEIN,Q9HVA8
408,FE,TRANSFERASE,Q8ZXN7
409,FE,TRANSLATION,
410,FE,TRANSPORT
411,PROTEIN,
412,FE,TRANSPORT
413,PROTEIN,B6DMH6
414,FE,TRANSPORT
415,PROTEIN,P02787
416,FE,TRANSPORT
417,PROTEIN,P21760
418,FE,TRANSPORT
419,PROTEIN,P40409
420,FE,VIRAL
421,PROTEIN,Q77YG1
422,FE,iron
423,binding
424,protein,A1JLH5
425,FE,oxidoreductase/inhibitor,
426,FE2,"STRUCTURAL
427,GENOMICS,
428,FE2,2002-03-28,1.18.99.1
429,FE2,BIOSYNTHETIC
430,PROTEIN,A0A124H109
431,FE2,BIOSYNTHETIC
432,PROTEIN,D0VX22
433,FE2,BIOSYNTHETIC
434,PROTEIN,Q9RBY6
435,FE2,HYDROGENASE,P07598
436,FE2,HYDROLASE,A0A0E1CHI1
437,FE2,HYDROLASE,Q50575
438,FE2,ISOMERASE,Q96AT9
439,FE2,LYASE,P32396
440,FE2,METAL
441,BINDING
442,PROTEIN,A0A3F2YLV4
443,FE2,METAL
444,BINDING
445,PROTEIN,O00625
446,FE2,METAL
447,BINDING
448,PROTEIN,P22759
449,FE2,METAL
450,TRANSPORT,P72827
451,FE2,OXIDOREDUCTASE,
452,1.13.11.13"
453,FE2,OXIDOREDUCTASE,1.13.11.2
454,FE2,OXIDOREDUCTASE,1.14.11.-
455,FE2,OXIDOREDUCTASE,I1REW2
456,FE2,OXIDOREDUCTASE,O16025
457,FE2,OXIDOREDUCTASE,P09186
458,FE2,OXIDOREDUCTASE,Q2N410
459,FE2,OXIDOREDUCTASE,Q96323
460,FE2,OXIDOREDUCTASE,Q9WWU5
461,FE2,OXYGEN
462,BINDING
463,PROTEIN,Q60AX2
464,FE2,SIGNALING
465,PROTEIN,P20581
466,FE2,TRANSCRIPTION
467,ACTIVATOR/INHIBITOR,Q9NWT6
468,FE2,TRANSPORT
469,PROTEIN,Q9I174
470,FE2,UNKNOWN
471,FUNCTION,A0A140N6S1
472,FEO,OXIDOREDUCTASE,Q86QZ1
473,FEO,OXIDOREDUCTASE,Q9F0J6
474,FEO,OXYGEN
475,BINDING,P02247
476,FEO,OXYGEN
477,STORAGE/TRANSPORT,Q9REU3
478,FEO,OXYGEN
479,TRANSPORT,P02246
480,FES,ELECTRON
481,TRANSFER,P00259
482,FES,ELECTRON
483,TRANSPORT,O66511
484,FES,ELECTRON
485,TRANSPORT,P00217
486,FES,ELECTRON
487,TRANSPORT,P00237
488,FES,ELECTRON
489,TRANSPORT,P0A3C9
490,FES,ELECTRON
491,TRANSPORT,P11053
492,FES,ELECTRON
493,TRANSPORT,P27320
494,FES,ELECTRON
495,TRANSPORT,P80306
496,FES,ELECTRON
497,TRANSPORT,Q2HZ25
498,FES,ELECTRON
499,TRANSPORT,Q2IU01
500,FES,ELECTRON
501,TRANSPORT,Q8IED5
502,FES,IRON-SULFUR-BINDING
503,PROTEIN,Q3ACS2
504,FES,METAL
505,BINDING
506,PROTEIN,
507,FES,METAL
508,BINDING
509,PROTEIN,Q76CS9
510,FES,METAL
511,BINDING
512,PROTEIN,Q8XVB9
513,FES,METAL
514,BINDING
515,PROTEIN,Q9FLI7
516,FES,METAL
517,TRANSPORT,O29901
518,FES,OXIDOREDUCTASE,G3X982
519,FES,OXIDOREDUCTASE,P29166
520,FES,RNA,O58038
521,FES,TRANSCRIPTION,Q70ET4
522,MG,"CYTOKINE,
523,MG,"DNA
524,BINDING
525,PROTEIN,
526,MG,"IMMUNE
527,SYSTEM,
528,MG,"LIGASE,6.3.4.18
529,MG,"LYASE,
530,MG,"MEMBRANE
531,PROTEIN,
532,MG,"Oxygen
533,Storage,
534,MG,"PROTEIN
535,BINDING,
536,MG,"Peptide,Serine/threonine-protein
537,kinase
538,PAK
539,4"
540,MG,"SIGNALING
541,PROTEIN,
542,MG,"SIGNALING
543,PROTEIN,2.7.10.2
544,MG,"SIGNALING
545,PROTEIN,2.7.3.-
546,MG,"TRANSCRIPTION,
547,MG,"transcription,
548,MG,ALLERGEN,O82040
549,MG,ANTIBIOTIC,Q7BNC2
550,MG,ANTIMICROBIAL
551,PROTEIN,Q88A25
552,MG,APOPTOSIS,
553,MG,APOPTOSIS,Q16611
554,MG,ATP-binding
555,protein,Q45619
556,MG,BIOSYNTHETIC
557,PROTEIN,A0A0H3JUU7
558,MG,BIOSYNTHETIC
559,PROTEIN,A0QUG3
560,MG,BIOSYNTHETIC
561,PROTEIN,G7J7Q5
562,MG,CALCIUM
563,BINDING
564,PROTEIN,P02618
565,MG,CALCIUM
566,BINDING/STRUCTURAL
567,PROTEIN,Q9QXS1
568,MG,CELL
569,ADHESION
570,PROTEIN,P11215
571,MG,CELL
572,ADHESION,"P05106
573,MG,CELL
574,ADHESION,A0A0H2UNT6
575,MG,CELL
576,ADHESION,C9E3B4
577,MG,CELL
578,ADHESION,E4SDB5
579,MG,CELL
580,ADHESION,P05107
581,MG,CELL
582,ADHESION,P08640
583,MG,CELL
584,ADHESION,P20701
585,MG,CELL
586,ADHESION,P20702
587,MG,CELL
588,ADHESION,P26010
589,MG,CELL
590,ADHESION,P56199
591,MG,CELL
592,ADHESION,Q5SII9
593,MG,CELL
594,ADHESION,Q8E0S5
595,MG,CELL
596,ADHESION/IMMUNE
597,SYSTEM,P05556
598,MG,CELL
599,CYCLE,P20248
600,MG,CELL
601,CYCLE,P26449
602,MG,CELL
603,CYCLE,Q47QW6
604,MG,CELL
605,CYCLE,Q8NNN6
606,MG,CELL
607,CYCLE/CHAPERONE,Q9QUI0
608,MG,CELL
609,INVASION,P0DJM0
610,MG,CHAPERONE,"A8WFV1
611,MG,CHAPERONE,A0A0M1WEU8
612,MG,CHAPERONE,D5VCM9
613,MG,CHAPERONE,P02829
614,MG,CHAPERONE,P33313
615,MG,CHAPERONE,P46598
616,MG,CHAPERONE,Q2FV63
617,MG,CHAPERONE,Q99933
618,MG,CHEMOTAXIS,Q56312
619,MG,CHOLINE-BINDING
620,PROTEIN,Q8WSF8
621,MG,COMPLEX
622,(LYASE/HYDROLASE),P04896
623,MG,COMPLEX
624,(TRANSFERASE/SUBSTRATE),P06213
625,MG,CONTRACTILE
626,PROTEIN,P47068
627,MG,CYTOSOLIC
628,PROTEIN,Q94707
629,MG,Carbohydrate-binding
630,protein,Q8WTT0
631,MG,Cell
632,Adhesion/Immune
633,System,P05106
634,MG,DNA
635,BINDING
636,PROTEIN,A0A0M9B7W0
637,MG,DNA
638,BINDING
639,PROTEIN,A0QXB7
640,MG,DNA
641,BINDING
642,PROTEIN,D7Y2H5
643,MG,DNA
644,BINDING
645,PROTEIN,O34723
646,MG,DNA
647,BINDING
648,PROTEIN,P0A7G6
649,MG,DNA
650,BINDING
651,PROTEIN,P79005
652,MG,DNA
653,BINDING
654,PROTEIN,P9WGM7
655,MG,DNA
656,BINDING
657,PROTEIN,Q2YY03
658,MG,DNA
659,BINDING
660,PROTEIN,Q6DFM0
661,MG,DNA
662,BINDING
663,PROTEIN,Q6TA00
664,MG,DNA
665,BINDING
666,PROTEIN,Q70LE6
667,MG,DNA
668,BINDING
669,PROTEIN,Q8DNC2
670,MG,DNA
671,BINDING
672,PROTEIN,Q8DRP0
673,MG,DNA
674,BINDING
675,PROTEIN,Q9GSV7
676,MG,DNA
677,BINDING
678,PROTEIN,Q9RPE9
679,MG,DNA
680,BINDING
681,PROTEIN,Q9RZN1
682,MG,DNA
683,BINDING
684,PROTEIN,Q9WYA3
685,MG,DNA
686,BINDING
687,PROTEIN,Q9WYN0
688,MG,DNA-BINDING
689,REGULATORY
690,PROTEIN,P0A8U6
691,MG,ELECTRON
692,TRANSPORT,P0A3E0
693,MG,ELECTRON
694,TRANSPORT,P59087
695,MG,ELECTRON
696,TRANSPORT,Q8GTB5
697,MG,ELECTRON
698,TRANSPORT,Q9F1K9
699,MG,ENDOCYTOSIS/EXOCYTOSIS,P40748
700,MG,ENDONUCLEASE,P23657
701,MG,GENE
702,REGULATION,P32081
703,MG,GENE
704,REGULATION/SIGNALING
705,PROTEIN,P61586
706,MG,GLUTAMINE
707,AMIDOTRANSFERASE,P00497
708,MG,HORMONE
709,RECEPTOR,Q9SSM7
710,MG,HYDROLASE
711,INHIBITOR/HYDROLASE,Q7JXB9
712,MG,HYDROLASE(ENDORIBONUCLEASE),P0A7Y4
713,MG,HYDROLASE(PHOSPHORIC
714,MONOESTER),P21327
715,MG,HYDROLASE,
716,3.1.7.8"
717,MG,HYDROLASE,
718,3.4.15.1"
719,MG,HYDROLASE,
720,putative"
721,MG,HYDROLASE,
722,variant
723,3"
724,MG,HYDROLASE,3.1.3.-
725,MG,HYDROLASE,3.1.30.-
726,MG,HYDROLASE,3.1.4.46
727,MG,HYDROLASE,A0A098D3M4
728,MG,HYDROLASE,A6L916
729,MG,HYDROLASE,A8A5E6
730,MG,HYDROLASE,B0BA40
731,MG,HYDROLASE,B1MGB2
732,MG,HYDROLASE,B5BP20
733,MG,HYDROLASE,B6YTD6
734,MG,HYDROLASE,B7X9Z0
735,MG,HYDROLASE,B9JE48
736,MG,HYDROLASE,C1D7P6
737,MG,HYDROLASE,H4USN4
738,MG,HYDROLASE,O26314
739,MG,HYDROLASE,O27555
740,MG,HYDROLASE,O31156
741,MG,HYDROLASE,O69787
742,MG,HYDROLASE,P00817
743,MG,HYDROLASE,P05187
744,MG,HYDROLASE,P10824
745,MG,HYDROLASE,P13717
746,MG,HYDROLASE,P24855
747,MG,HYDROLASE,P29597
748,MG,HYDROLASE,P33174
749,MG,HYDROLASE,P35505
750,MG,HYDROLASE,P37700
751,MG,HYDROLASE,P50308
752,MG,HYDROLASE,P53184
753,MG,HYDROLASE,P78330
754,MG,HYDROLASE,Q01780
755,MG,HYDROLASE,Q10905
756,MG,HYDROLASE,Q144Z1
757,MG,HYDROLASE,Q384W5
758,MG,HYDROLASE,Q3IZQ3
759,MG,HYDROLASE,Q4VUZ3
760,MG,HYDROLASE,Q58989
761,MG,HYDROLASE,Q5JGZ3
762,MG,HYDROLASE,Q5SHN6
763,MG,HYDROLASE,Q5SJY9
764,MG,HYDROLASE,Q6DDT4
765,MG,HYDROLASE,Q6G709
766,MG,HYDROLASE,Q6XL56
767,MG,HYDROLASE,Q7LYV2
768,MG,HYDROLASE,Q84G06
769,MG,HYDROLASE,Q8I914
770,MG,HYDROLASE,Q8RQU7
771,MG,HYDROLASE,Q93V56
772,MG,HYDROLASE,Q9K100
773,MG,HYDROLASE,Q9RVU2
774,MG,HYDROLASE/HYDROLASE
775,INHIBITOR,
776,3.1.7.8"
777,MG,Heme
778,Binding
779,Protein,A0R6E4
780,MG,IMMUNE
781,SYSTEM,
782,MG,IMMUNE
783,SYSTEM,A0N262
784,MG,IMMUNE
785,SYSTEM,A2N494
786,MG,IMMUNE
787,SYSTEM,O00481
788,MG,IMMUNE
789,SYSTEM,O50665
790,MG,IMMUNE
791,SYSTEM,O70570
792,MG,IMMUNE
793,SYSTEM,O95407
794,MG,IMMUNE
795,SYSTEM,P00451
796,MG,IMMUNE
797,SYSTEM,P06683
798,MG,IMMUNE
799,SYSTEM,P0DOY2
800,MG,IMMUNE
801,SYSTEM,P18564
802,MG,IMMUNE
803,SYSTEM,P26012
804,MG,IMMUNE
805,SYSTEM,P61769
806,MG,IMMUNE
807,SYSTEM,Q91132
808,MG,IMMUNE
809,SYSTEM,Q99LC4
810,MG,ISOMERASE(INTRAMOLECULAR
811,OXIDOREDUCTASE),P12070
812,MG,ISOMERASE,
813,MG,ISOMERASE,5.3.2.-
814,MG,ISOMERASE,5.4.2.12
815,MG,ISOMERASE,5.5.1.25
816,MG,ISOMERASE,A0A1K2FKX8
817,MG,ISOMERASE,A0NXQ8
818,MG,ISOMERASE,A0QTN8
819,MG,ISOMERASE,A6DZ31
820,MG,ISOMERASE,A6M2W4
821,MG,ISOMERASE,C6XJ17
822,MG,ISOMERASE,O58651
823,MG,ISOMERASE,P15587
824,MG,ISOMERASE,P32719
825,MG,ISOMERASE,P56839
826,MG,ISOMERASE,P71447
827,MG,ISOMERASE,P77366
828,MG,ISOMERASE,Q13907
829,MG,ISOMERASE,Q46822
830,MG,ISOMERASE,Q5LM96
831,MG,ISOMERASE,Q5NN22
832,MG,ISOMERASE,Q834W6
833,MG,ISOMERASE,Q8PGN7
834,MG,ISOMERASE,Q92ZS5
835,MG,ISOMERASE,Q9P8C9
836,MG,ISOMERASE,Q9RYA6
837,MG,ISOMERASE,Q9ZAI3
838,MG,ISOPRENOID
839,SYNTHASE,Q40577
840,MG,KINASE,P07378
841,MG,LIGAND
842,BINDING
843,PROTEIN,O30142
844,MG,LIGAND
845,BINDING
846,PROTEIN,Q60754
847,MG,LIGASE,
848,MG,LIGASE,
849,6.1.1.6"
850,MG,LIGASE,6.1.1.4
851,MG,LIGASE,A0A0J9X1Z8
852,MG,LIGASE,B4RKE7
853,MG,LIGASE,B7GV74
854,MG,LIGASE,D5SL78
855,MG,LIGASE,O24872
856,MG,LIGASE,O57883
857,MG,LIGASE,O57980
858,MG,LIGASE,O58187
859,MG,LIGASE,P04425
860,MG,LIGASE,P08164
861,MG,LIGASE,P0A7D4
862,MG,LIGASE,P18843
863,MG,LIGASE,P21889
864,MG,LIGASE,P25051
865,MG,LIGASE,P28650
866,MG,LIGASE,P9WIL5
867,MG,LIGASE,Q03ZI1
868,MG,LIGASE,Q08220
869,MG,LIGASE,Q2A4B6
870,MG,LIGASE,Q2RM91
871,MG,LIGASE,Q52428
872,MG,LIGASE,Q5H614
873,MG,LIGASE,Q5SKN9
874,MG,LIGASE,Q63QJ9
875,MG,LIGASE,Q9HVZ7
876,MG,LIGASE,Q9M426
877,MG,LIGASE,Q9RHV9
878,MG,LIGASE,Q9U8D3
879,MG,LIGASE,Q9V228
880,MG,LIPID
881,BINDING
882,PROTEIN,P53860
883,MG,LIPID
884,TRANSPORT,J7MFT5
885,MG,LUMINESCENT
886,PROTEIN,D0VWW2
887,MG,LYASE,
888,MG,LYASE,
889,4.2.3.75
890,MG,LYASE,
891,4.2.99.18"
892,MG,LYASE,
893,5.5.1.1"
894,MG,LYASE,4.1.3.32
895,MG,LYASE,A0A0D4WV12
896,MG,LYASE,A0A158RFK9
897,MG,LYASE,A0A3B6UEX0
898,MG,LYASE,A8H9D1
899,MG,LYASE,A9WCM4
900,MG,LYASE,B2UCA8
901,MG,LYASE,B4EFV2
902,MG,LYASE,B5GMG2
903,MG,LYASE,O09460
904,MG,LYASE,O93627
905,MG,LYASE,P0A6P9
906,MG,LYASE,P0A9G6
907,MG,LYASE,P0AES2
908,MG,LYASE,P11383
909,MG,LYASE,P23280
910,MG,LYASE,P27695
911,MG,LYASE,P77541
912,MG,LYASE,P9WPJ9
913,MG,LYASE,Q05514
914,MG,LYASE,Q05957
915,MG,LYASE,Q1QUN0
916,MG,LYASE,Q41594
917,MG,LYASE,Q47Q21
918,MG,LYASE,Q53635
919,MG,LYASE,Q59643
920,MG,LYASE,Q8DJP8
921,MG,LYASE,Q8FHC7
922,MG,LYASE,Q8ZNF9
923,MG,LYASE,Q9HUU1
924,MG,LYASE/LYASE
925,inhibitor,P9WK17
926,MG,Lyase/OXIDOREDUCTASE,D1A3K8
927,MG,MEMBRANE
928,PROTEIN,A0A0U3H1E6
929,MG,MEMBRANE
930,PROTEIN,P02943
931,MG,MEMBRANE
932,PROTEIN,P18895
933,MG,MEMBRANE
934,PROTEIN,P39767
935,MG,MEMBRANE
936,PROTEIN,P56373
937,MG,MEMBRANE
938,PROTEIN,Q45040
939,MG,MEMBRANE
940,PROTEIN,Q5QJC5
941,MG,MEMBRANE
942,PROTEIN,Q8A5H6
943,MG,MEMBRANE
944,PROTEIN,Q9WZ31
945,MG,MEMBRANE
946,PROTEIN/HORMONE,
947,Calcitonin
948,gene-related
949,peptide
950,type
951,1
952,receptor
953,fusion
954,protein"
955,MG,METAL
956,BINDING
957,PROTEIN,D3EID5
958,MG,METAL
959,BINDING
960,PROTEIN,F9VMT6
961,MG,METAL
962,BINDING
963,PROTEIN,O24769
964,MG,METAL
965,BINDING
966,PROTEIN,P19137
967,MG,METAL
968,BINDING
969,PROTEIN,P84253
970,MG,METAL
971,BINDING
972,PROTEIN,Q2G1L5
973,MG,METAL
974,BINDING
975,PROTEIN,Q384W3
976,MG,METAL
977,BINDING
978,PROTEIN,Q39890
979,MG,METAL
980,BINDING
981,PROTEIN,Q3M8K9
982,MG,METAL
983,BINDING
984,PROTEIN,Q6LYQ5
985,MG,METAL
986,BINDING
987,PROTEIN,Q99828
988,MG,METAL
989,BINDING
990,PROTEIN,Q9NFS4
991,MG,METAL
992,BINDING
993,PROTEIN,Q9NZU7
994,MG,METAL
995,TRANSPORT,P06971
996,MG,METAL
997,TRANSPORT,Q57986
998,MG,METAL
999,TRANSPORT,Q5LAA6
1000,MG,METAL
1001,TRANSPORT,Q5M586
1002,MG,METAL
1003,TRANSPORT,Q7A656
1004,MG,METAL
1005,TRANSPORT,W6KHH6
1006,MG,METAL
1007,TRANSPORT/MEMBRANE
1008,PROTEIN,Q9WZ31
1009,MG,MOTOR
1010,PROTEIN,A0A073HR60
1011,MG,MOTOR
1012,PROTEIN,P48467
1013,MG,MOTOR
1014,PROTEIN,Q14204
1015,MG,MOTOR
1016,PROTEIN,Q9C2M3
1017,MG,MUSCLE
1018,PROTEIN,P10587
1019,MG,MUSCLE
1020,PROTEIN,P13543
1021,MG,NUCLEAR
1022,PROTEIN,O75151
1023,MG,NUCLEAR
1024,PROTEIN,Q5UQV1
1025,MG,NUCLEAR
1026,PROTEIN,Q9Y5L0
1027,MG,NUCLEIC
1028,ACID
1029,BINDING
1030,PROTEIN,O51076
1031,MG,ODORANT
1032,BINDING
1033,PROTEIN,Q6Y2R8
1034,MG,OXIDOREDUCTASE,
1035,1.13.11.13"
1036,MG,OXIDOREDUCTASE,A3FJ48
1037,MG,OXIDOREDUCTASE,B1YQF4
1038,MG,OXIDOREDUCTASE,P05793
1039,MG,OXIDOREDUCTASE,P35630
1040,MG,OXIDOREDUCTASE,Q13IQ2
1041,MG,OXIDOREDUCTASE,Q2YUF3
1042,MG,OXIDOREDUCTASE,Q57179
1043,MG,OXIDOREDUCTASE,Q58122
1044,MG,OXIDOREDUCTASE,Q65XK0
1045,MG,OXYGEN
1046,TRANSPORT,Q9VF15
1047,MG,OXYGEN
1048,TRANSPORT,S0BBR6
1049,MG,PEPTIDE
1050,BINDING
1051,PROTEIN,O43719
1052,MG,PEPTIDE
1053,BINDING
1054,PROTEIN,P31947
1055,MG,PEPTIDE
1056,SYNTHETASE,P0C061
1057,MG,PHOSPHORIBOSYLTRANSFERASE,P0A9M5
1058,MG,PHOTOSYNTHESIS,D2Z0P5
1059,MG,PHOTOSYNTHESIS,O76183
1060,MG,PLANT
1061,PROTEIN,A0A158RFR1
1062,MG,PLANT
1063,PROTEIN,G1K3R9
1064,MG,PLANT
1065,PROTEIN,O49195
1066,MG,PLANT
1067,PROTEIN,P04347
1068,MG,PLANT
1069,PROTEIN,Q94JU3
1070,MG,PLANT
1071,PROTEIN,Q9SXZ2
1072,MG,PROTEIN
1073,BINDING,C2M8N4
1074,MG,PROTEIN
1075,BINDING,D4GUF6
1076,MG,PROTEIN
1077,BINDING,O13836
1078,MG,PROTEIN
1079,BINDING,P15530
1080,MG,PROTEIN
1081,BINDING,P31947
1082,MG,PROTEIN
1083,BINDING,P54300
1084,MG,PROTEIN
1085,BINDING,P61586
1086,MG,PROTEIN
1087,BINDING,Q26069
1088,MG,PROTEIN
1089,BINDING,Q2W8Q0
1090,MG,PROTEIN
1091,BINDING,Q68DU8
1092,MG,PROTEIN
1093,BINDING,Q6VS32
1094,MG,PROTEIN
1095,BINDING,Q8I2J4
1096,MG,PROTEIN
1097,BINDING,Q9ESN4
1098,MG,PROTEIN
1099,BINDING,Q9JXC6
1100,MG,PROTEIN
1101,BINDING,Q9SCL7
1102,MG,PROTEIN
1103,BINDING/INHIBITOR,P31947
1104,MG,PROTEIN
1105,BINDING/PEPTIDE,Q14U76
1106,MG,PROTEIN
1107,BINDING/PROTEIN
1108,BINDING,D1A4G7
1109,MG,PROTEIN
1110,FIBRIL,Q74A86
1111,MG,PROTEIN
1112,KINASE,P24941
1113,MG,PROTEIN
1114,TRANSPORT,O07347
1115,MG,PROTEIN
1116,TRANSPORT,P33307
1117,MG,PROTEIN
1118,TRANSPORT,P35818
1119,MG,PROTEIN
1120,TRANSPORT,P36057
1121,MG,PROTEIN
1122,TRANSPORT,P61316
1123,MG,PROTEIN
1124,TRANSPORT,P62826
1125,MG,PROTEIN
1126,TRANSPORT,Q9UL25
1127,MG,PROTEIN
1128,TRANSPORT/TRANSFERASE,P62330
1129,MG,RECEPTOR,Q6QLQ4
1130,MG,RECOMBINATION,O73948
1131,MG,RECOMBINATION,P0A7G6
1132,MG,RECOMBINATION,Q75DL0
1133,MG,REPLICATION,P03134
1134,MG,REPLICATION,P13921
1135,MG,REPLICATION,Q5KXY1
1136,MG,RNA
1137,BINDING
1138,PROTEIN,A4IK89
1139,MG,RNA
1140,BINDING
1141,PROTEIN,A7TR32
1142,MG,RNA
1143,BINDING
1144,PROTEIN,G0SHI1
1145,MG,RNA
1146,BINDING
1147,PROTEIN,P09012
1148,MG,RNA
1149,BINDING
1150,PROTEIN,P25359
1151,MG,RNA
1152,BINDING
1153,PROTEIN,P39990
1154,MG,RNA
1155,BINDING
1156,PROTEIN,Q57ZF2
1157,MG,RNA
1158,BINDING
1159,PROTEIN,Q5VTE6
1160,MG,RNA
1161,BINDING
1162,PROTEIN,Q6CIU1
1163,MG,RNA
1164,BINDING
1165,PROTEIN,Q6P2Q9
1166,MG,RNA
1167,BINDING
1168,PROTEIN,Q9UIV1
1169,MG,SIGNALING
1170,PROTEIN,
1171,MG,SIGNALING
1172,PROTEIN,"P03069
1173,MG,SIGNALING
1174,PROTEIN,A0A0H3AFX3
1175,MG,SIGNALING
1176,PROTEIN,A0A0M5I297
1177,MG,SIGNALING
1178,PROTEIN,A0A1W2VN00
1179,MG,SIGNALING
1180,PROTEIN,A0A1W2VN01
1181,MG,SIGNALING
1182,PROTEIN,B8GZM2
1183,MG,SIGNALING
1184,PROTEIN,Complement
1185,C1q
1186,subcomponent
1187,subunit
1188,B"
1189,MG,SIGNALING
1190,PROTEIN,O88992
1191,MG,SIGNALING
1192,PROTEIN,P07207
1193,MG,SIGNALING
1194,PROTEIN,P27348
1195,MG,SIGNALING
1196,PROTEIN,P63000
1197,MG,SIGNALING
1198,PROTEIN,P63104
1199,MG,SIGNALING
1200,PROTEIN,P71403
1201,MG,SIGNALING
1202,PROTEIN,Q13255
1203,MG,SIGNALING
1204,PROTEIN,Q14416
1205,MG,SIGNALING
1206,PROTEIN,Q14831
1207,MG,SIGNALING
1208,PROTEIN,Q14832
1209,MG,SIGNALING
1210,PROTEIN,Q2YY03
1211,MG,SIGNALING
1212,PROTEIN,Q45TR8
1213,MG,SIGNALING
1214,PROTEIN,Q5SJ83
1215,MG,SIGNALING
1216,PROTEIN,Q60598
1217,MG,SIGNALING
1218,PROTEIN,Q60841
1219,MG,SIGNALING
1220,PROTEIN,Q6MLN6
1221,MG,SIGNALING
1222,PROTEIN,Q80TS3
1223,MG,SIGNALING
1224,PROTEIN,Q8WTX7
1225,MG,SIGNALING
1226,PROTEIN,Q9FN03
1227,MG,SIGNALING
1228,PROTEIN,Q9I045
1229,MG,SIGNALING
1230,PROTEIN,Q9QYG0
1231,MG,SIGNALING
1232,PROTEIN,Q9X181
1233,MG,SIGNALING
1234,PROTEIN/INHIBITOR,Q8P559
1235,MG,SIGNALING
1236,PROTEIN/PEPTIDE,P62993
1237,MG,SIGNALING
1238,PROTEIN/SIGNALING
1239,PROTEIN,P60953
1240,MG,SIGNALLING
1241,PROTEIN,P19438
1242,MG,SPLICING,Q07930
1243,MG,STRUCTURAL
1244,GENOMICS,Q6GHQ0
1245,MG,STRUCTURAL
1246,PROTEIN,A0A0B4W229
1247,MG,STRUCTURAL
1248,PROTEIN,E1BQ43
1249,MG,STRUCTURAL
1250,PROTEIN,O55147
1251,MG,STRUCTURAL
1252,PROTEIN,P11904
1253,MG,STRUCTURAL
1254,PROTEIN,P19827
1255,MG,STRUCTURAL
1256,PROTEIN,P26535
1257,MG,STRUCTURAL
1258,PROTEIN,Q187N7
1259,MG,STRUCTURAL
1260,PROTEIN,Q2XVP4
1261,MG,STRUCTURAL
1262,PROTEIN,Q63870
1263,MG,STRUCTURAL
1264,PROTEIN,Q6XZF7
1265,MG,STRUCTURAL
1266,PROTEIN,Q87JH9
1267,MG,SUGAR
1268,BINDING
1269,PROTEIN,A7LY27
1270,MG,SUGAR
1271,BINDING
1272,PROTEIN,C7BLE4
1273,MG,SUGAR
1274,BINDING
1275,PROTEIN,C7HDV0
1276,MG,SUGAR
1277,BINDING
1278,PROTEIN,G4XU73
1279,MG,SUGAR
1280,BINDING
1281,PROTEIN,O87988
1282,MG,SUGAR
1283,BINDING
1284,PROTEIN,Q2PHL4
1285,MG,SUGAR
1286,BINDING
1287,PROTEIN,Q8VNN2
1288,MG,SUGAR
1289,BINDING
1290,PROTEIN,Q92AS8
1291,MG,SUGAR
1292,BINDING
1293,PROTEIN,Q939N5
1294,MG,SUGAR
1295,BINDING
1296,PROTEIN,Q9NNX6
1297,MG,Structural
1298,Genomics/Unknown
1299,Function,A0A0H2UQ81
1300,MG,TOXIN,A8ULG6
1301,MG,TOXIN,F0V195
1302,MG,TOXIN,O18423
1303,MG,TOXIN,P22030
1304,MG,TOXIN,Q57159
1305,MG,TOXIN,Q9SPD4
1306,MG,TOXIN/ANTITOXIN,P9WFB9
1307,MG,TRANSCRIPTION
1308,REGULATOR,G0GNT0
1309,MG,TRANSCRIPTION
1310,REGULATOR,P13632
1311,MG,TRANSCRIPTION
1312,REGULATOR,P9WGM1
1313,MG,TRANSCRIPTION,
1314,MG,TRANSCRIPTION,
1315,2.7.11.23"
1316,MG,TRANSCRIPTION,A0A0H3ADN9
1317,MG,TRANSCRIPTION,C5NSW6
1318,MG,TRANSCRIPTION,I2BPL4
1319,MG,TRANSCRIPTION,P0ACT4
1320,MG,TRANSCRIPTION,P0ADG4
1321,MG,TRANSCRIPTION,P0AE88
1322,MG,TRANSCRIPTION,P0AFJ5
1323,MG,TRANSCRIPTION,P21866
1324,MG,TRANSCRIPTION,P39140
1325,MG,TRANSCRIPTION,P51449
1326,MG,TRANSCRIPTION,P51561
1327,MG,TRANSCRIPTION,P58663
1328,MG,TRANSCRIPTION,Q09161
1329,MG,TRANSCRIPTION,Q0S8Y3
1330,MG,TRANSCRIPTION,Q7A2Q1
1331,MG,TRANSCRIPTION,Q8NQ97
1332,MG,TRANSCRIPTION,Q9I509
1333,MG,TRANSFERASE
1334,ACTIVATOR,P10721
1335,MG,TRANSFERASE,
1336,2.5.1.1"
1337,MG,TRANSFERASE,
1338,2.5.1.10"
1339,MG,TRANSFERASE,
1340,2.7.10.2"
1341,MG,TRANSFERASE,
1342,2.7.11.23"
1343,MG,TRANSFERASE,"2.5.1.15
1344,MG,TRANSFERASE,"2.7.11.1
1345,MG,TRANSFERASE,2.3.3.14
1346,MG,TRANSFERASE,2.7.1.40
1347,MG,TRANSFERASE,2.7.9.1
1348,MG,TRANSFERASE,A0A0A0RDR2
1349,MG,TRANSFERASE,A0A0S2YLC8
1350,MG,TRANSFERASE,A0A140UHQ1
1351,MG,TRANSFERASE,A3MSH1
1352,MG,TRANSFERASE,B2NE58
1353,MG,TRANSFERASE,B5HDJ6
1354,MG,TRANSFERASE,G7L3W1
1355,MG,TRANSFERASE,O00311
1356,MG,TRANSFERASE,O15530
1357,MG,TRANSFERASE,O15648
1358,MG,TRANSFERASE,O33799
1359,MG,TRANSFERASE,O75914
1360,MG,TRANSFERASE,O95747
1361,MG,TRANSFERASE,P00492
1362,MG,TRANSFERASE,P00519
1363,MG,TRANSFERASE,P00552
1364,MG,TRANSFERASE,P05132
1365,MG,TRANSFERASE,P06213
1366,MG,TRANSFERASE,P06855
1367,MG,TRANSFERASE,P07128
1368,MG,TRANSFERASE,P08536
1369,MG,TRANSFERASE,P09838
1370,MG,TRANSFERASE,P11309
1371,MG,TRANSFERASE,P12928
1372,MG,TRANSFERASE,P12998
1373,MG,TRANSFERASE,P14324
1374,MG,TRANSFERASE,P15790
1375,MG,TRANSFERASE,P16641
1376,MG,TRANSFERASE,P20035
1377,MG,TRANSFERASE,P21860
1378,MG,TRANSFERASE,P23686
1379,MG,TRANSFERASE,P24348
1380,MG,TRANSFERASE,P27707
1381,MG,TRANSFERASE,P28482
1382,MG,TRANSFERASE,P28523
1383,MG,TRANSFERASE,P29320
1384,MG,TRANSFERASE,P29468
1385,MG,TRANSFERASE,P29678
1386,MG,TRANSFERASE,P37268
1387,MG,TRANSFERASE,P41743
1388,MG,TRANSFERASE,P43405
1389,MG,TRANSFERASE,P45985
1390,MG,TRANSFERASE,P47811
1391,MG,TRANSFERASE,P49841
1392,MG,TRANSFERASE,P51955
1393,MG,TRANSFERASE,P53350
1394,MG,TRANSFERASE,P53778
1395,MG,TRANSFERASE,P60472
1396,MG,TRANSFERASE,P92208
1397,MG,TRANSFERASE,P9WFF7
1398,MG,TRANSFERASE,P9WHM5
1399,MG,TRANSFERASE,P9WK17
1400,MG,TRANSFERASE,P9WKE5
1401,MG,TRANSFERASE,P9WMN3
1402,MG,TRANSFERASE,P9WPQ5
1403,MG,TRANSFERASE,Q00168
1404,MG,TRANSFERASE,Q00944
1405,MG,TRANSFERASE,Q02059
1406,MG,TRANSFERASE,Q07010
1407,MG,TRANSFERASE,Q15119
1408,MG,TRANSFERASE,Q15208
1409,MG,TRANSFERASE,Q15418
1410,MG,TRANSFERASE,Q16654
1411,MG,TRANSFERASE,Q27686
1412,MG,TRANSFERASE,Q4DRC4
1413,MG,TRANSFERASE,Q4YRR5
1414,MG,TRANSFERASE,Q50859
1415,MG,TRANSFERASE,Q55813
1416,MG,TRANSFERASE,Q5CR09
1417,MG,TRANSFERASE,Q5CYE4
1418,MG,TRANSFERASE,Q5FAC0
1419,MG,TRANSFERASE,Q6VAB6
1420,MG,TRANSFERASE,Q6XHB2
1421,MG,TRANSFERASE,Q7Z0H0
1422,MG,TRANSFERASE,Q8NNM1
1423,MG,TRANSFERASE,Q92918
1424,MG,TRANSFERASE,Q96RG2
1425,MG,TRANSFERASE,Q99558
1426,MG,TRANSFERASE,Q9FHD7
1427,MG,TRANSFERASE,Q9HW72
1428,MG,TRANSFERASE,Q9JZG1
1429,MG,TRANSFERASE,Q9LUT0
1430,MG,TRANSFERASE,Q9NP87
1431,MG,TRANSFERASE,Q9UGP5
1432,MG,TRANSFERASE,Q9Z1W9
1433,MG,TRANSFERASE/ANTIBIOTIC,P0A3Y5
1434,MG,TRANSFERASE/INHIBITOR,
1435,2.7.11.23"
1436,MG,TRANSFERASE/INHIBITOR,P9WHQ9
1437,MG,TRANSFERASE/PEPTIDE,
1438,2.7.11.1"
1439,MG,TRANSFERASE/TRANSFERASE
1440,INHIBITOR,
1441,2.5.1.10"
1442,MG,TRANSFERASE/TRANSFERASE
1443,INHIBITOR,2.7.11.4
1444,MG,TRANSFERASE/TRANSFERASE
1445,INHIBITOR,A0A061FLD4
1446,MG,TRANSFERASE/TRANSFERASE
1447,INHIBITOR,P20035
1448,MG,TRANSFERASE/TRANSFERASE
1449,INHIBITOR,P37173
1450,MG,TRANSFERASE/TRANSFERASE
1451,INHIBITOR,P37268
1452,MG,TRANSFERASE/TRANSFERASE
1453,INHIBITOR,P52564
1454,MG,TRANSFERASE/TRANSFERASE
1455,INHIBITOR,P9WFX5
1456,MG,TRANSFERASE/TRANSFERASE
1457,INHIBITOR,Q9Y5S2
1458,MG,TRANSFERASE/TRANSFERASE
1459,SUBSTRATE,2.5.1.15
1460,MG,TRANSFERASE/TRANSFERASE
1461,inhibitor,2.7.1.37
1462,MG,TRANSFERASE/TRANSFERASE
1463,inhibitor,Q2G0Q5
1464,MG,TRANSLATION,O86327
1465,MG,TRANSLATION/HYDROLASE,Q9YAV0
1466,MG,TRANSLATION/OXIDOREDUCTASE,A0A140N6W0
1467,MG,TRANSPORT
1468,PROTEIN,G4FEC0
1469,MG,TRANSPORT
1470,PROTEIN,J9PBT7
1471,MG,TRANSPORT
1472,PROTEIN,O50271
1473,MG,TRANSPORT
1474,PROTEIN,O69061
1475,MG,TRANSPORT
1476,PROTEIN,O95069
1477,MG,TRANSPORT
1478,PROTEIN,P02766
1479,MG,TRANSPORT
1480,PROTEIN,P02769
1481,MG,TRANSPORT
1482,PROTEIN,P06996
1483,MG,TRANSPORT
1484,PROTEIN,P0AER0
1485,MG,TRANSPORT
1486,PROTEIN,P10121
1487,MG,TRANSPORT
1488,PROTEIN,P26361
1489,MG,TRANSPORT
1490,PROTEIN,P34170
1491,MG,TRANSPORT
1492,PROTEIN,P45206
1493,MG,TRANSPORT
1494,PROTEIN,P47032
1495,MG,TRANSPORT
1496,PROTEIN,Q38998
1497,MG,TRANSPORT
1498,PROTEIN,Q5H8A6
1499,MG,TRANSPORT
1500,PROTEIN,Q5SMG8
1501,MG,TRANSPORT
1502,PROTEIN,Q8A6W3
1503,MG,TRANSPORT
1504,PROTEIN,Q8A6W4
1505,MG,TRANSPORT
1506,PROTEIN,Q8BJS4
1507,MG,TRANSPORT
1508,PROTEIN,Q8DPB1
1509,MG,TRANSPORT
1510,PROTEIN,Q8T6I2
1511,MG,TRANSPORT
1512,PROTEIN,Q9X0V0
1513,MG,TRANSPORT,E1VBK1
1514,MG,Transcription
1515,Regulator,
1516,MG,Transcription
1517,regulator,
1518,MG,Transferase/Transferase
1519,Inhibitor,P9WI81
1520,MG,Transferase/transferase
1521,inhibitor,P45983
1522,MG,Transferase/transferase
1523,inhibitor,Q9Y6E0
1524,MG,UNKNOWN
1525,FUNCTION,
1526,MG,UNKNOWN
1527,FUNCTION,A0A0H3LT39
1528,MG,UNKNOWN
1529,FUNCTION,A2RUC4
1530,MG,UNKNOWN
1531,FUNCTION,A7AL02
1532,MG,UNKNOWN
1533,FUNCTION,A7ATL3
1534,MG,UNKNOWN
1535,FUNCTION,P38822
1536,MG,UNKNOWN
1537,FUNCTION,P9WJ73
1538,MG,UNKNOWN
1539,FUNCTION,P9WKX5
1540,MG,UNKNOWN
1541,FUNCTION,Q04QG8
1542,MG,UNKNOWN
1543,FUNCTION,Q5NFU2
1544,MG,UNKNOWN
1545,FUNCTION,Q8A090
1546,MG,UNKNOWN
1547,FUNCTION,Q8A5Q9
1548,MG,UNKNOWN
1549,FUNCTION,Q8ZPF0
1550,MG,VIRAL
1551,PROTEIN,M1EAS5
1552,MG,VIRAL
1553,PROTEIN,P04506
1554,MG,VIRAL
1555,PROTEIN,P07240
1556,MG,VIRAL
1557,PROTEIN,P20345
1558,MG,VIRAL
1559,PROTEIN,Q5MQD0
1560,MG,VIRAL
1561,PROTEIN,Q6I7B9
1562,MG,VIRAL
1563,PROTEIN,Q7Y442
1564,MG,VIRAL
1565,PROTEIN,Q83884
1566,MG,VIRAL
1567,PROTEIN,Q9XJP3
1568,MG,VIRUS,Q4TVT6
1569,MG,VIRUS,Q8IZA0
1570,MG,VIRUS,Q9H6X2
1571,MG,ligase/ligase
1572,inhibitor,P9WIL5
1573,MG,signaling
1574,protein
1575,/
1576,HYDROLASE,P21279
1577,MG,transcription
1578,regulator,O30989
1579,MG,transcription
1580,regulator,Q8NTY1
1581,MN,"HYDROLASE,3.1.13.-
1582,MN,"TRANSFERASE,
1583,chorismate
1584,mutase-isozyme
1585,3"
1586,MN,"TRANSFERASE,2-N-acetylglucosaminyltransferase
1587,1"
1588,MN,"TRANSFERASE,Ribonuclease
1589,HI
1590,MN,"structural
1591,genomics,
1592,MN,ANTIBIOTIC
1593,BIOSYNTHESIS,P05326
1594,MN,BIOSYNTHETIC
1595,PROTEIN,P47075
1596,MN,BIOSYNTHETIC
1597,PROTEIN,Q57265
1598,MN,BIOSYNTHETIC
1599,PROTEIN,Q9X1H5
1600,MN,CARBOHYDRATE-BINDING
1601,PROTEIN,P81637
1602,MN,CELL
1603,ADHESION,P09803
1604,MN,CELL
1605,ADHESION,Q13418
1606,MN,DNA
1607,BINDING
1608,PROTEIN,A0A0H2UTK0
1609,MN,DNA
1610,BINDING
1611,PROTEIN,P9WMK7
1612,MN,DNA
1613,BINDING
1614,PROTEIN,Q5NIN6
1615,MN,DNA
1616,BINDING
1617,PROTEIN,Q9WYA3
1618,MN,Exchange
1619,Factor,Q99418
1620,MN,HORMONE,Q88QV5
1621,MN,HYDROLASE,
1622,3.1.3.94"
1623,MN,HYDROLASE,3.1.3.11
1624,MN,HYDROLASE,3.5.3.1
1625,MN,HYDROLASE,A0A0F7RKF8
1626,MN,HYDROLASE,A0A0H2VD83
1627,MN,HYDROLASE,A0A1I7CHQ2
1628,MN,HYDROLASE,A0A1S7QSB2
1629,MN,HYDROLASE,A8WBX8
1630,MN,HYDROLASE,C4LSS0
1631,MN,HYDROLASE,O13297
1632,MN,HYDROLASE,O25949
1633,MN,HYDROLASE,O33199
1634,MN,HYDROLASE,O69787
1635,MN,HYDROLASE,O97193
1636,MN,HYDROLASE,P00723
1637,MN,HYDROLASE,P00817
1638,MN,HYDROLASE,P07824
1639,MN,HYDROLASE,P0DJQ3
1640,MN,HYDROLASE,P50579
1641,MN,HYDROLASE,P53041
1642,MN,HYDROLASE,P62137
1643,MN,HYDROLASE,Q4DSA0
1644,MN,HYDROLASE,Q57573
1645,MN,HYDROLASE,Q5SK18
1646,MN,HYDROLASE,Q6TUJ5
1647,MN,HYDROLASE,Q8P839
1648,MN,HYDROLASE,Q9I3S3
1649,MN,HYDROLASE,Q9I6K2
1650,MN,HYDROLASE,Q9RUY4
1651,MN,HYDROLASE,Q9RZ04
1652,MN,HYDROLASE,Q9WYJ7
1653,MN,HYDROLASE/HYDROLASE
1654,INHIBITOR,P36873
1655,MN,IMMUNE
1656,SYSTEM,Q02ML7
1657,MN,ISOMERASE,5.4.2.1
1658,MN,ISOMERASE,P08310
1659,MN,ISOMERASE,P27099
1660,MN,ISOMERASE,Q8G9L1
1661,MN,ISOMERASE,Q97N97
1662,MN,ISOMERASE,Q9KCL9
1663,MN,LIGASE,P0A8N5
1664,MN,LIGASE,P45066
1665,MN,LIGASE/ANTIBIOTIC,6.1.1.2
1666,MN,LYASE,O09460
1667,MN,LYASE,P00864
1668,MN,LYASE,P22259
1669,MN,LYASE,Q40322
1670,MN,LYASE/OXIDOREDUCTASE,P51016
1671,MN,MEMBRANE
1672,PROTEIN/METAL
1673,TRANSPORT,Q99385
1674,MN,METAL
1675,BINDING
1676,PROTEIN,A6WG04
1677,MN,METAL
1678,BINDING
1679,PROTEIN,C6XF58
1680,MN,METAL
1681,BINDING
1682,PROTEIN,Q6I6B2
1683,MN,METAL
1684,BINDING
1685,PROTEIN,Q9X1H0
1686,MN,METAL
1687,BINDING
1688,PROTEIN,V6F4Q0
1689,MN,METAL
1690,TRANSPORT,Q0PBI7
1691,MN,Membrane
1692,protein/Immune
1693,system,P05106
1694,MN,OXIDOREDUCTASE,
1695,3.4.-.-"
1696,MN,OXIDOREDUCTASE,"1.14.11.-
1697,MN,OXIDOREDUCTASE,1.1.1.39
1698,MN,OXIDOREDUCTASE,1.13.11.15
1699,MN,OXIDOREDUCTASE,1.14.11.-
1700,MN,OXIDOREDUCTASE,G4NAP4
1701,MN,OXIDOREDUCTASE,P41229
1702,MN,OXIDOREDUCTASE,P83310
1703,MN,OXIDOREDUCTASE,P9WNZ5
1704,MN,OXIDOREDUCTASE,Q43077
1705,MN,OXIDOREDUCTASE,Q72GH6
1706,MN,OXIDOREDUCTASE,Q8YSJ5
1707,MN,OXIDOREDUCTASE/INHIBITOR,P29375
1708,MN,PHOSPHODIESTERASE,Q58346
1709,MN,PHOTOSYNTHESIS,P0A444
1710,MN,PROTEIN
1711,TRANSPORT,Q9QZ88
1712,MN,REPLICATION,P13921
1713,MN,REPLICATION,Q97ZS7
1714,MN,RNA
1715,BINDING
1716,PROTEIN,C4LU64
1717,MN,SIGNALING
1718,PROTEIN,
1719,MN,SIGNALING
1720,PROTEIN,A0A0H2UQ68
1721,MN,SIGNALING
1722,PROTEIN,P38011
1723,MN,SIGNALING
1724,PROTEIN,Q55169
1725,MN,SIGNALLING
1726,PROTEIN,O81223
1727,MN,STRUCTURAL
1728,PROTEIN,Q11176
1729,MN,STRUCTURAL
1730,PROTEIN,Q9DQX7
1731,MN,SUGAR
1732,BINDING
1733,PROTEIN,P02866
1734,MN,SUGAR
1735,BINDING
1736,PROTEIN,P05046
1737,MN,SUGAR
1738,BINDING
1739,PROTEIN,P05088
1740,MN,SUGAR
1741,BINDING
1742,PROTEIN,P42088
1743,MN,SUGAR
1744,BINDING
1745,PROTEIN,P81371
1746,MN,SUGAR
1747,BINDING
1748,PROTEIN,P81517
1749,MN,SUGAR
1750,BINDING
1751,PROTEIN,P83410
1752,MN,SUGAR
1753,BINDING
1754,PROTEIN,P86353
1755,MN,SUGAR
1756,BINDING
1757,PROTEIN,Q8W1R6
1758,MN,SURFACE
1759,ACTIVE
1760,PROTEIN,P79073
1761,MN,TOXIN,A0A0H3AIG7
1762,MN,TOXIN,A0A0H3NMP8
1763,MN,TOXIN,B7UI21
1764,MN,TOXIN,C4SH25
1765,MN,TOXIN,M4NKV9
1766,MN,TOXIN,Q87DZ3
1767,MN,TOXIN/CELL
1768,ADHESION,P17301
1769,MN,TOXOFLAVIN
1770,BINDING
1771,PROTEIN,E3SET7
1772,MN,TRANSCRIPTION,A0A0H3CJW2
1773,MN,TRANSCRIPTION,O00370
1774,MN,TRANSCRIPTION,P10958
1775,MN,TRANSCRIPTION,P13792
1776,MN,TRANSCRIPTION,P54512
1777,MN,TRANSCRIPTION,Q03456
1778,MN,TRANSCRIPTION,Q9K943
1779,MN,TRANSFERASE
1780,ACTIVATOR/TRANSFERASE,"2.4.1.22
1781,MN,TRANSFERASE,
1782,2.4.1.133"
1783,MN,TRANSFERASE,
1784,2.7.11.1"
1785,MN,TRANSFERASE,"2.4.1.-
1786,MN,TRANSFERASE,2.4.1.101
1787,MN,TRANSFERASE,2.4.1.87
1788,MN,TRANSFERASE,A0A0Y1PI62
1789,MN,TRANSFERASE,A0QLU8
1790,MN,TRANSFERASE,A5TY84
1791,MN,TRANSFERASE,O05701
1792,MN,TRANSFERASE,P00549
1793,MN,TRANSFERASE,P03007
1794,MN,TRANSFERASE,P0AG16
1795,MN,TRANSFERASE,P17109
1796,MN,TRANSFERASE,P25500
1797,MN,TRANSFERASE,Q9JZG1
1798,MN,TRANSFERASE,Q9P2W7
1799,MN,TRANSFERASE,Q9YEJ7
1800,MN,TRANSFERASE,S6G476
1801,MN,TRANSFERASE/TRANSFERASE
1802,INHIBITOR,Q9H4A3
1803,MN,TRANSLATION,D0MK34
1804,MN,TRANSPORT
1805,PROTEIN,A0A0H3PA01
1806,MN,TRANSPORT
1807,PROTEIN,F9L8R0
1808,MN,TRANSPORT
1809,PROTEIN,Q9I174
1810,MN,UNKNOWN
1811,FUNCTION,B6YTD8
1812,MN,UNKNOWN
1813,FUNCTION,P9WLZ7
1814,MN,UNKNOWN
1815,FUNCTION,Q58707
1816,MN,UNKNOWN
1817,FUNCTION,Q73WU1
1818,MN,UNKNOWN
1819,FUNCTION,Q8PPZ5
1820,MN,VIRAL
1821,PROTEIN,P0CK31
1822,MOO,BINDING
1823,PROTEIN,P37329
1824,MOO,HYDROLASE,
1825,3.1.3.2"
1826,MOO,METAL
1827,BINDING
1828,PROTEIN,P84308
1829,MOO,METAL
1830,TRANSPORT,P44206
1831,MOO,TRANSPORT
1832,PROTEIN,Q8TTZ5
1833,MOS,OXIDOREDUCTASE,
1834,1.17.3.2"
1835,MOS,OXIDOREDUCTASE,Q0QLF1
1836,MOS,OXIDOREDUCTASE,Q84IX8
1837,NI,"IMMUNE
1838,SYSTEM,
1839,NI,"SUGAR
1840,BINDING,
1841,NI,BIOSYNTHETIC
1842,PROTEIN,A0A1B0VLW5
1843,NI,BIOSYNTHETIC
1844,PROTEIN,Q186X0
1845,NI,CELL
1846,ADHESION,P08191
1847,NI,CELL
1848,ADHESION,P13688
1849,NI,CELL
1850,ADHESION,Q6G2A9
1851,NI,CELL
1852,ADHESION,Q8TAB3
1853,NI,CELL
1854,CYCLE,Q6PJP8
1855,NI,CHAPERONE,
1856,NI,CHAPERONE,P0A6Z3
1857,NI,CHAPERONE,Q5JS54
1858,NI,CYTOKINE,Q8AY12
1859,NI,DNA
1860,BINDING
1861,PROTEIN,B1YEV7
1862,NI,ENDOCYTOSIS,P84092
1863,NI,ENDOCYTOSIS/EXOCYTOSIS,P36017
1864,NI,GENE
1865,REGULATION,Q8GUI6
1866,NI,GENE
1867,REGULATION,Q8N8U2
1868,NI,GROWTH
1869,FACTOR,P21802
1870,NI,HYDROLASE,F4MWM7
1871,NI,HYDROLASE,G9JVE6
1872,NI,HYDROLASE,I3PA93
1873,NI,HYDROLASE,P41020
1874,NI,HYDROLASE,Q51502
1875,NI,HYDROLASE,Q6VT21
1876,NI,Heme
1877,Binding
1878,Protein,A0R6E4
1879,NI,IMMUNE
1880,SYSTEM,O34000
1881,NI,IMMUNE
1882,SYSTEM,P01563
1883,NI,IMMUNE
1884,SYSTEM,P06756
1885,NI,IMMUNE
1886,SYSTEM,Q9BUD6
1887,NI,LIPID
1888,BINDING
1889,PROTEIN,5-trisphosphate-dependent
1890,Rac
1891,exchanger
1892,1
1893,protein"
1894,NI,LUMINESCENT
1895,PROTEIN,Q8I6J8
1896,NI,MEMBRANE
1897,PROTEIN,A0A100XEC2
1898,NI,MEMBRANE
1899,PROTEIN,Q8R9C0
1900,NI,MEMBRANE
1901,PROTEIN,Q9HWW1
1902,NI,MEMBRANE
1903,PROTEIN,Q9I116
1904,NI,METAL
1905,BINDING
1906,PROTEIN,
1907,NI,METAL
1908,BINDING
1909,PROTEIN,O31562
1910,NI,METAL
1911,BINDING
1912,PROTEIN,P04170
1913,NI,METAL
1914,BINDING
1915,PROTEIN,P0ABE7
1916,NI,METAL
1917,BINDING
1918,PROTEIN,P37975
1919,NI,METAL
1920,BINDING
1921,PROTEIN,P55008
1922,NI,METAL
1923,BINDING
1924,PROTEIN,Q13HN3
1925,NI,METAL
1926,BINDING
1927,PROTEIN,Q8A8Q1
1928,NI,METAL
1929,BINDING
1930,PROTEIN,Q8TMX3
1931,NI,METAL
1932,BINDING
1933,PROTEIN,Q9RC77
1934,NI,METAL
1935,BINDING
1936,PROTEIN,Q9UPP1
1937,NI,NUCLEAR
1938,RECEPTOR,
1939,NI,OXIDOREDUCTASE,A2VA43
1940,NI,OXIDOREDUCTASE,D4N500
1941,NI,OXIDOREDUCTASE,O75164
1942,NI,OXIDOREDUCTASE,P14925
1943,NI,OXIDOREDUCTASE,P39956
1944,NI,OXIDOREDUCTASE,Q08506
1945,NI,OXIDOREDUCTASE,Q6B0I6
1946,NI,OXIDOREDUCTASE,Q6EZB3
1947,NI,OXIDOREDUCTASE,Q7RYZ9
1948,NI,PEPTIDE
1949,BINDING
1950,PROTEIN,O08808
1951,NI,PLANT
1952,PROTEIN,P25810
1953,NI,PROTEIN
1954,BINDING,O14745
1955,NI,PROTEIN
1956,BINDING,O75151
1957,NI,PROTEIN
1958,BINDING,Q8GQ50
1959,NI,PROTEIN
1960,BINDING,Q96A44
1961,NI,RECOMBINATION,Q5KXY4
1962,NI,REPLICATION,I3UIB4
1963,NI,RNA
1964,BINDING
1965,PROTEIN,Q14011
1966,NI,SIGNALING
1967,PROTEIN,
1968,NI,SIGNALING
1969,PROTEIN,O88992
1970,NI,SIGNALING
1971,PROTEIN,P63000
1972,NI,SIGNALING
1973,PROTEIN,Q51451
1974,NI,SIGNALING
1975,PROTEIN,Q9VCR6
1976,NI,STRUCTURAL
1977,PROTEIN,P52179
1978,NI,SUGAR
1979,BINDING
1980,PROTEIN,O00182
1981,NI,TOXIN,D0VWX7
1982,NI,TOXIN,Q93UU8
1983,NI,TRANSCRIPTION
1984,REGULATION,O14508
1985,NI,TRANSCRIPTION
1986,REGULATION,Q15370
1987,NI,TRANSCRIPTION
1988,REGULATOR,
1989,NI,TRANSCRIPTION
1990,REGULATOR,P0A9G8
1991,NI,TRANSCRIPTION,
1992,NI,TRANSCRIPTION,C5A074
1993,NI,TRANSCRIPTION,O95696
1994,NI,TRANSCRIPTION,P0A9G8
1995,NI,TRANSCRIPTION,P0C872
1996,NI,TRANSCRIPTION,P39140
1997,NI,TRANSCRIPTION,P9WMH1
1998,NI,TRANSCRIPTION,Q8VDS3
1999,NI,TRANSCRIPTIONAL
2000,REGULATION,O25896
2001,NI,TRANSPORT
2002,PROTEIN,
2003,NI,TRANSPORT
2004,PROTEIN,O43896
2005,NI,TRANSPORT
2006,PROTEIN,P10903
2007,NI,TRANSPORT
2008,PROTEIN,P36370
2009,NI,TRANSPORT
2010,PROTEIN,Q0P844
2011,NI,TRANSPORT
2012,PROTEIN,Q7BCK4
2013,NI,TRANSPORT,Q9K4F8
2014,NI,UNKNOWN
2015,FUNCTION,A0A1E8X683
2016,NI,UNKNOWN
2017,FUNCTION,P45545
2018,NI,VIRAL
2019,PROTEIN,P10218
2020,NI,VIRAL
2021,PROTEIN,Q6QT01
2022,NI,transcription
2023,regulator,Q9F8C4
2024,ZN,"APOPTOSIS,
2025,ZN,"Flurorescent
2026,Protein,Tax1-binding
2027,protein
2028,1"
2029,ZN,"GENE
2030,REGULATION,
2031,ZN,"Hydrolase,3.5.2.6
2032,ZN,"METAL
2033,BINDING
2034,PROTEIN,
2035,ZN,"ONCOPROTEIN,
2036,ZN,"PROTEIN
2037,TRANSPORT,
2038,ZN,"RECOMBINATION,
2039,ZN,"REPLICATION,
2040,ZN,"STRUCTURAL
2041,PROTEIN,
2042,ZN,"Signaling
2043,protein,
2044,ZN,"Structural
2045,Genomics,
2046,conserved
2047,hypothetical
2048,protein"
2049,ZN,"structural
2050,genomics,
2051,conserved
2052,barrel
2053,domain
2054,protein"
2055,ZN,"transcription,
2056,ZN,ACTIN-BINDING
2057,PROTEIN/PEPTIDE,O76041
2058,ZN,ALLERGEN,P82242
2059,ZN,ANGIOGENESIS
2060,INHIBITOR,P39061
2061,ZN,ANTIBIOTIC
2062,RESISTANCE,Q8GNY5
2063,ZN,ANTIBIOTIC,J9ULM6
2064,ZN,ANTITUMOR,P38398
2065,ZN,APOPTOSIS
2066,INHIBITOR,Q24306
2067,ZN,APOPTOSIS,P04637
2068,ZN,APOPTOSIS,P11862
2069,ZN,APOPTOSIS,P15498
2070,ZN,APOPTOSIS,P50591
2071,ZN,APOPTOSIS,Q13075
2072,ZN,APOPTOSIS,Q13489
2073,ZN,APOPTOSIS,Q13490
2074,ZN,APOPTOSIS,Q24306
2075,ZN,APOPTOSIS,Q6GPH4
2076,ZN,APOPTOSIS,Q86VP1
2077,ZN,APOPTOSIS,Q96P09
2078,ZN,APOPTOSIS/APOPTOSIS
2079,INHIBITOR,P98170
2080,ZN,Apoptosis
2081,Inhibitor,
2082,ZN,Apoptosis/Inhibitor,Q07820
2083,ZN,BIOSYNTHETIC
2084,PROTEIN,A0A0H3JUU7
2085,ZN,BIOSYNTHETIC
2086,PROTEIN,A0A1B0VLW5
2087,ZN,BIOSYNTHETIC
2088,PROTEIN,A0A452CSY9
2089,ZN,BIOSYNTHETIC
2090,PROTEIN,B7J6R7
2091,ZN,BIOSYNTHETIC
2092,PROTEIN,G3XCX7
2093,ZN,BIOSYNTHETIC
2094,PROTEIN,P23184
2095,ZN,BIOSYNTHETIC
2096,PROTEIN,Q03202
2097,ZN,BIOSYNTHETIC
2098,PROTEIN,Q38814
2099,ZN,BIOSYNTHETIC
2100,PROTEIN,Q5JFV9
2101,ZN,BIOSYNTHETIC
2102,PROTEIN,Q9A6Q5
2103,ZN,BLOOD
2104,CLOTTING,"P00451
2105,ZN,CALCIUM-BINDING
2106,PROTEIN,P00709
2107,ZN,CALCIUM-BINDING
2108,PROTEIN,P0DP23
2109,ZN,CALCIUM-BINDING
2110,PROTEIN,Q13137
2111,ZN,CELL
2112,ADHESION,A0A0M3KL43
2113,ZN,CELL
2114,ADHESION,C7T9P4
2115,ZN,CELL
2116,ADHESION,E4Q7C4
2117,ZN,CELL
2118,ADHESION,O68212
2119,ZN,CELL
2120,ADHESION,P33150
2121,ZN,CELL
2122,ADHESION,Q02248
2123,ZN,CELL
2124,ADHESION,Q5XHE3
2125,ZN,CELL
2126,ADHESION,Q8NWQ6
2127,ZN,CELL
2128,CYCLE,O15151
2129,ZN,CELL
2130,CYCLE,P0CI74
2131,ZN,CELL
2132,CYCLE,Q5XUX0
2133,ZN,CELL
2134,CYCLE,Q8NNN6
2135,ZN,CELL
2136,CYCLE,Q9H8S9
2137,ZN,CELL
2138,CYCLE,Q9P802
2139,ZN,CELL
2140,DIVISION
2141,PROTEIN,Q9WZ49
2142,ZN,CELL
2143,INVASION,Q99WU4
2144,ZN,CHAPERONE,
2145,ZN,CHAPERONE,O14618
2146,ZN,CHAPERONE,P02470
2147,ZN,CHAPERONE,P0A6Y5
2148,ZN,CHAPERONE,P31658
2149,ZN,CHAPERONE,P37565
2150,ZN,CHAPERONE,Q12118
2151,ZN,CHAPERONE,Q19007
2152,ZN,CHAPERONE,Q9X1B4
2153,ZN,CHOLINE-BINDING
2154,PROTEIN,A0A0F7PV22
2155,ZN,COMPLEX
2156,(ANTI-ONCOGENE/ANKYRIN
2157,REPEATS),P04637
2158,ZN,COMPLEX
2159,(SIGNAL
2160,TRANSDUCTION/PEPTIDE),P62993
2161,ZN,CONTRACTILE
2162,PROTEIN,O70209
2163,ZN,CONTRACTILE,P67966
2164,ZN,CYTOKINE,P13236
2165,ZN,CYTOKINE,P49771
2166,ZN,CYTOKINE,P60568
2167,ZN,DE
2168,NOVO
2169,PROTEIN,O58307
2170,ZN,DNA
2171,BINDING
2172,PROTEIN,A0A0H3C9J4
2173,ZN,DNA
2174,BINDING
2175,PROTEIN,A0A0H3JZ73
2176,ZN,DNA
2177,BINDING
2178,PROTEIN,I3LM39
2179,ZN,DNA
2180,BINDING
2181,PROTEIN,I6X7F9
2182,ZN,DNA
2183,BINDING
2184,PROTEIN,O15350
2185,ZN,DNA
2186,BINDING
2187,PROTEIN,O60281
2188,ZN,DNA
2189,BINDING
2190,PROTEIN,O81488
2191,ZN,DNA
2192,BINDING
2193,PROTEIN,O94276
2194,ZN,DNA
2195,BINDING
2196,PROTEIN,P04296
2197,ZN,DNA
2198,BINDING
2199,PROTEIN,P04637
2200,ZN,DNA
2201,BINDING
2202,PROTEIN,P06536
2203,ZN,DNA
2204,BINDING
2205,PROTEIN,P16794
2206,ZN,DNA
2207,BINDING
2208,PROTEIN,P17028
2209,ZN,DNA
2210,BINDING
2211,PROTEIN,P27694
2212,ZN,DNA
2213,BINDING
2214,PROTEIN,P32447
2215,ZN,DNA
2216,BINDING
2217,PROTEIN,P38957
2218,ZN,DNA
2219,BINDING
2220,PROTEIN,P71086
2221,ZN,DNA
2222,BINDING
2223,PROTEIN,P78364
2224,ZN,DNA
2225,BINDING
2226,PROTEIN,P9WGD5
2227,ZN,DNA
2228,BINDING
2229,PROTEIN,P9WQ13
2230,ZN,DNA
2231,BINDING
2232,PROTEIN,Q13105
2233,ZN,DNA
2234,BINDING
2235,PROTEIN,Q14653
2236,ZN,DNA
2237,BINDING
2238,PROTEIN,Q14839
2239,ZN,DNA
2240,BINDING
2241,PROTEIN,Q2M1K9
2242,ZN,DNA
2243,BINDING
2244,PROTEIN,Q46864
2245,ZN,DNA
2246,BINDING
2247,PROTEIN,Q5NIN6
2248,ZN,DNA
2249,BINDING
2250,PROTEIN,Q60980
2251,ZN,DNA
2252,BINDING
2253,PROTEIN,Q72QS5
2254,ZN,DNA
2255,BINDING
2256,PROTEIN,Q7Y265
2257,ZN,DNA
2258,BINDING
2259,PROTEIN,Q80TJ7
2260,ZN,DNA
2261,BINDING
2262,PROTEIN,Q8DPL7
2263,ZN,DNA
2264,BINDING
2265,PROTEIN,Q8NA31
2266,ZN,DNA
2267,BINDING
2268,PROTEIN,Q92794
2269,ZN,DNA
2270,BINDING
2271,PROTEIN,Q96JM2
2272,ZN,DNA
2273,BINDING
2274,PROTEIN,Q9I3H9
2275,ZN,DNA
2276,BINDING
2277,PROTEIN,Q9L0M9
2278,ZN,DNA
2279,BINDING
2280,PROTEIN,Q9RS64
2281,ZN,DNA
2282,BINDING
2283,PROTEIN,Q9S7P5
2284,ZN,DNA
2285,BINDING
2286,PROTEIN,Q9UL40
2287,ZN,DNA
2288,BINDING
2289,PROTEIN,Q9UXG1
2290,ZN,DNA
2291,BINDING
2292,PROTEIN,Q9WYV0
2293,ZN,DNA
2294,BINDING
2295,PROTEIN,Q9XI90
2296,ZN,DNA
2297,BINDING
2298,PROTEIN,Q9Y692
2299,ZN,DNA
2300,BINDING
2301,PROTEIN/PROTEIN
2302,BINDING,P0CF65
2303,ZN,DNA
2304,excision
2305,repair,P56981
2306,ZN,ELECTRON
2307,TRANSPORT,
2308,ZN,ELECTRON
2309,TRANSPORT,O05893
2310,ZN,ELECTRON
2311,TRANSPORT,O66511
2312,ZN,ELECTRON
2313,TRANSPORT,P00273
2314,ZN,ELECTRON
2315,TRANSPORT,P49949
2316,ZN,ELECTRON
2317,TRANSPORT,P94690
2318,ZN,ELECTRON
2319,TRANSPORT,Q4W5X6
2320,ZN,ELECTRON
2321,TRANSPORT,Q58M74
2322,ZN,ELECTRON
2323,TRANSPORT,Q8EDL6
2324,ZN,ELECTRON
2325,TRANSPORT,Q9XG40
2326,ZN,ENDOCYTOSIS,Q15811
2327,ZN,ENDOCYTOSIS/EXOCYTOSIS,Q12038
2328,ZN,FLUORESCENT
2329,PROTEIN,P42212
2330,ZN,GENE
2331,REGULATION,
2332,ZN,GENE
2333,REGULATION,A2RNS2
2334,ZN,GENE
2335,REGULATION,C1CZ84
2336,ZN,GENE
2337,REGULATION,O14497
2338,ZN,GENE
2339,REGULATION,P41182
2340,ZN,GENE
2341,REGULATION,P52594
2342,ZN,GENE
2343,REGULATION,Q24459
2344,ZN,GENE
2345,REGULATION,Q8GUI6
2346,ZN,GENE
2347,REGULATION,Q91ZD1
2348,ZN,GENE
2349,REGULATION,Q92785
2350,ZN,GENE
2351,REGULATION,Q9XI47
2352,ZN,GROWTH
2353,FACTOR,P01139
2354,ZN,HEME-BINDING
2355,PROTEIN,A0A0F7R5Y3
2356,ZN,HEME-BINDING
2357,PROTEIN,Q7AP54
2358,ZN,HORMONE,P02766
2359,ZN,HORMONE,Q88QV5
2360,ZN,HYDROLASE
2361,(ACTING
2362,IN
2363,CYCLIC
2364,AMIDES),P04190
2365,ZN,HYDROLASE
2366,(ALPHA-AMINOACYLPEPTIDE),P00727
2367,ZN,HYDROLASE
2368,(METALLOPROTEASE),P03956
2369,ZN,HYDROLASE(ACTING
2370,ON
2371,LINEAR
2372,AMIDES),P00806
2373,ZN,HYDROLASE(C-TERMINAL
2374,PEPTIDASE),P00730
2375,ZN,HYDROLASE,
2376,ZN,HYDROLASE,
2377,3.4.11.10"
2378,ZN,HYDROLASE,
2379,3.4.15.1"
2380,ZN,HYDROLASE,3.1.3.11
2381,ZN,HYDROLASE,3.4.11.9
2382,ZN,HYDROLASE,3.4.13.9
2383,ZN,HYDROLASE,3.5.1.88
2384,ZN,HYDROLASE,A0A059Q5E8
2385,ZN,HYDROLASE,A0A060GSW0
2386,ZN,HYDROLASE,A0A0H3K7S1
2387,ZN,HYDROLASE,A0A0H3KPJ4
2388,ZN,HYDROLASE,A0A0R4I979
2389,ZN,HYDROLASE,A0A1L1QK30
2390,ZN,HYDROLASE,A0A2N7KUA1
2391,ZN,HYDROLASE,A0A5Q5ADH9
2392,ZN,HYDROLASE,A0NFU8
2393,ZN,HYDROLASE,A0R291
2394,ZN,HYDROLASE,A1R3U3
2395,ZN,HYDROLASE,A4HRG8
2396,ZN,HYDROLASE,A6TBN1
2397,ZN,HYDROLASE,B0R9W3
2398,ZN,HYDROLASE,B0VA03
2399,ZN,HYDROLASE,B1Q4V2
2400,ZN,HYDROLASE,B2FTM1
2401,ZN,HYDROLASE,B4EXV8
2402,ZN,HYDROLASE,B5CE28
2403,ZN,HYDROLASE,B5DCA0
2404,ZN,HYDROLASE,B5KVR9
2405,ZN,HYDROLASE,B5L5V5
2406,ZN,HYDROLASE,B5QNF0
2407,ZN,HYDROLASE,C0HJB3
2408,ZN,HYDROLASE,C6A2N7
2409,ZN,HYDROLASE,C7C422
2410,ZN,HYDROLASE,F2Z284
2411,ZN,HYDROLASE,G5ELM3
2412,ZN,HYDROLASE,H2EMX8
2413,ZN,HYDROLASE,K4KM71
2414,ZN,HYDROLASE,K4PWX3
2415,ZN,HYDROLASE,K7SA42
2416,ZN,HYDROLASE,O08498
2417,ZN,HYDROLASE,O34598
2418,ZN,HYDROLASE,O52063
2419,ZN,HYDROLASE,O58727
2420,ZN,HYDROLASE,O60882
2421,ZN,HYDROLASE,O93655
2422,ZN,HYDROLASE,P00634
2423,ZN,HYDROLASE,P00733
2424,ZN,HYDROLASE,P00800
2425,ZN,HYDROLASE,P04190
2426,ZN,HYDROLASE,P04825
2427,ZN,HYDROLASE,P04958
2428,ZN,HYDROLASE,P05187
2429,ZN,HYDROLASE,P08473
2430,ZN,HYDROLASE,P09237
2431,ZN,HYDROLASE,P09598
2432,ZN,HYDROLASE,P09960
2433,ZN,HYDROLASE,P0A434
2434,ZN,HYDROLASE,P0A6C1
2435,ZN,HYDROLASE,P0A6K3
2436,ZN,HYDROLASE,P0A6T5
2437,ZN,HYDROLASE,P0C216
2438,ZN,HYDROLASE,P0C6X7
2439,ZN,HYDROLASE,P10507
2440,ZN,HYDROLASE,P14488
2441,ZN,HYDROLASE,P15145
2442,ZN,HYDROLASE,P21589
2443,ZN,HYDROLASE,P22894
2444,ZN,HYDROLASE,P29068
2445,ZN,HYDROLASE,P30793
2446,ZN,HYDROLASE,P30996
2447,ZN,HYDROLASE,P31828
2448,ZN,HYDROLASE,P35559
2449,ZN,HYDROLASE,P39377
2450,ZN,HYDROLASE,P42892
2451,ZN,HYDROLASE,P44569
2452,ZN,HYDROLASE,P45494
2453,ZN,HYDROLASE,P46076
2454,ZN,HYDROLASE,P52699
2455,ZN,HYDROLASE,P53184
2456,ZN,HYDROLASE,P68398
2457,ZN,HYDROLASE,P76524
2458,ZN,HYDROLASE,P80561
2459,ZN,HYDROLASE,P81054
2460,ZN,HYDROLASE,P81535
2461,ZN,HYDROLASE,P9WHN9
2462,ZN,HYDROLASE,P9WPH3
2463,ZN,HYDROLASE,Q01693
2464,ZN,HYDROLASE,Q06241
2465,ZN,HYDROLASE,Q07075
2466,ZN,HYDROLASE,Q0B6Q2
2467,ZN,HYDROLASE,Q0KFV0
2468,ZN,HYDROLASE,Q0TV31
2469,ZN,HYDROLASE,Q10740
2470,ZN,HYDROLASE,Q10905
2471,ZN,HYDROLASE,Q12178
2472,ZN,HYDROLASE,Q16775
2473,ZN,HYDROLASE,Q24451
2474,ZN,HYDROLASE,Q3JJN0
2475,ZN,HYDROLASE,Q3T905
2476,ZN,HYDROLASE,Q45087
2477,ZN,HYDROLASE,Q484B6
2478,ZN,HYDROLASE,Q4EFN5
2479,ZN,HYDROLASE,Q4FKC0
2480,ZN,HYDROLASE,Q58542
2481,ZN,HYDROLASE,Q5LLA5
2482,ZN,HYDROLASE,Q5LMH0
2483,ZN,HYDROLASE,Q5SH52
2484,ZN,HYDROLASE,Q5SIP1
2485,ZN,HYDROLASE,Q5U807
2486,ZN,HYDROLASE,Q5ZRR6
2487,ZN,HYDROLASE,Q5ZZH8
2488,ZN,HYDROLASE,Q704V1
2489,ZN,HYDROLASE,Q79MP6
2490,ZN,HYDROLASE,Q7WVY1
2491,ZN,HYDROLASE,Q81WF0
2492,ZN,HYDROLASE,Q84CU3
2493,ZN,HYDROLASE,Q8IJA9
2494,ZN,HYDROLASE,Q8LPL7
2495,ZN,HYDROLASE,Q8RQU7
2496,ZN,HYDROLASE,Q8ZPL9
2497,ZN,HYDROLASE,Q93J45
2498,ZN,HYDROLASE,Q949P2
2499,ZN,HYDROLASE,Q96YM2
2500,ZN,HYDROLASE,Q9A4T4
2501,ZN,HYDROLASE,Q9C9G4
2502,ZN,HYDROLASE,Q9I685
2503,ZN,HYDROLASE,Q9K578
2504,ZN,HYDROLASE,Q9KL24
2505,ZN,HYDROLASE,Q9KWY4
2506,ZN,HYDROLASE,Q9NZ08
2507,ZN,HYDROLASE,Q9RMI1
2508,ZN,HYDROLASE/HYDROLASE
2509,INHIBITOR,P08253
2510,ZN,HYDROLASE/HYDROLASE
2511,INHIBITOR,P08254
2512,ZN,HYDROLASE/HYDROLASE
2513,INHIBITOR,P45452
2514,ZN,HYDROLASE/HYDROLASE
2515,INHIBITOR,Q89GW5
2516,ZN,HYDROLASE/HYDROLASE
2517,INHIBITOR,Q98VG9
2518,ZN,HYDROLASE/PROTEIN
2519,BINDING,P22288
2520,ZN,HYDROLASE/TRANSFERASE,O66990
2521,ZN,Hydrolase/Hydrolase
2522,Inhibitor,3.5.1.88
2523,ZN,Hydrolase/Hydrolase
2524,Inhibitor,Q6P179
2525,ZN,Hydrolase/Isomerase/Calcium
2526,Binding,Q4WUR1
2527,ZN,IMMUNE
2528,SYSTEM,"P01660
2529,ZN,IMMUNE
2530,SYSTEM,A0A1E1GJG5
2531,ZN,IMMUNE
2532,SYSTEM,Factor
2533,H
2534,binding
2535,protein"
2536,ZN,IMMUNE
2537,SYSTEM,P02741
2538,ZN,IMMUNE
2539,SYSTEM,P06312
2540,ZN,IMMUNE
2541,SYSTEM,P06683
2542,ZN,IMMUNE
2543,SYSTEM,P0C0I6
2544,ZN,IMMUNE
2545,SYSTEM,P0DJY7
2546,ZN,IMMUNE
2547,SYSTEM,P12018
2548,ZN,IMMUNE
2549,SYSTEM,P12314
2550,ZN,IMMUNE
2551,SYSTEM,P12993
2552,ZN,IMMUNE
2553,SYSTEM,P13747
2554,ZN,IMMUNE
2555,SYSTEM,P16473
2556,ZN,IMMUNE
2557,SYSTEM,P21589
2558,ZN,IMMUNE
2559,SYSTEM,P29508
2560,ZN,IMMUNE
2561,SYSTEM,P60568
2562,ZN,IMMUNE
2563,SYSTEM,Q15326
2564,ZN,IMMUNE
2565,SYSTEM,Q65ZC0
2566,ZN,IMMUNE
2567,SYSTEM,Q7BAE3
2568,ZN,IMMUNE
2569,SYSTEM,Q8I1Y0
2570,ZN,IMMUNE
2571,SYSTEM,Q9AGB1
2572,ZN,IMMUNE
2573,SYSTEM,Q9H5X1
2574,ZN,IMMUNE
2575,SYSTEM,Q9RQQ5
2576,ZN,IMMUNE
2577,SYSTEM,Q9UHP7
2578,ZN,IMMUNOGLOBULIN,P06312
2579,ZN,ISOMERASE,A5YBL8
2580,ZN,ISOMERASE,B4RLV9
2581,ZN,ISOMERASE,P32170
2582,ZN,ISOMERASE,P34948
2583,ZN,ISOMERASE,Q2SYG4
2584,ZN,ISOMERASE,Q2YKG6
2585,ZN,LEISHMANOLYSIN,P08148
2586,ZN,LIGAND
2587,BINDING
2588,PROTEIN,O30288
2589,ZN,LIGAND
2590,BINDING
2591,PROTEIN,P02766
2592,ZN,LIGASE,C7PJE6
2593,ZN,LIGASE,G3FIN0
2594,ZN,LIGASE,P15042
2595,ZN,LIGASE,Q2K340
2596,ZN,LIGASE,Q9YDW0
2597,ZN,LIGASE,Q9ZHI0
2598,ZN,LIGASE,V7II86
2599,ZN,LIGASE/ANTIBIOTIC,6.1.1.3
2600,ZN,LIM
2601,DOMAIN
2602,CONTAINING
2603,PROTEINS,Q05158
2604,ZN,LIPID
2605,BINDING
2606,PROTEIN,D1MPT1
2607,ZN,LIPID
2608,BINDING
2609,PROTEIN,P07597
2610,ZN,LIPID
2611,BINDING
2612,PROTEIN,Q5SJQ7
2613,ZN,LUMINESCENT
2614,PROTEIN,P42212
2615,ZN,LYASE
2616,(OXO-ACID),P23589
2617,ZN,LYASE,
2618,class
2619,II"
2620,ZN,LYASE,4.1.1.3
2621,ZN,LYASE,A0A086SLX8
2622,ZN,LYASE,A0A0J9X279
2623,ZN,LYASE,A0A0M3KL20
2624,ZN,LYASE,A4DA31
2625,ZN,LYASE,C4M5C6
2626,ZN,LYASE,D0IR47
2627,ZN,LYASE,F7VW42
2628,ZN,LYASE,O43570
2629,ZN,LYASE,O97447
2630,ZN,LYASE,P00915
2631,ZN,LYASE,P00918
2632,ZN,LYASE,P0AB71
2633,ZN,LYASE,P0AB74
2634,ZN,LYASE,P17067
2635,ZN,LYASE,P53615
2636,ZN,LYASE,P56109
2637,ZN,LYASE,P77704
2638,ZN,LYASE,Q0QC76
2639,ZN,LYASE,Q16790
2640,ZN,LYASE,Q38BV6
2641,ZN,LYASE,Q3I4V7
2642,ZN,LYASE,Q43060
2643,ZN,LYASE,Q54735
2644,ZN,LYASE,Q5AJ71
2645,ZN,LYASE,Q64444
2646,ZN,LYASE,Q71WW4
2647,ZN,LYASE,Q8ZRS0
2648,ZN,LYASE,Q9HVB9
2649,ZN,LYASE,Q9KCV1
2650,ZN,LYASE/LYASE
2651,INHIBITOR,Q96554
2652,ZN,MEMBRANE
2653,PROTEIN,G2FID1
2654,ZN,MEMBRANE
2655,PROTEIN,O28769
2656,ZN,MEMBRANE
2657,PROTEIN,P0CL67
2658,ZN,MEMBRANE
2659,PROTEIN,P32867
2660,ZN,MEMBRANE
2661,PROTEIN,P41181
2662,ZN,MEMBRANE
2663,PROTEIN,P48060
2664,ZN,MEMBRANE
2665,PROTEIN,P69776
2666,ZN,MEMBRANE
2667,PROTEIN,P76541
2668,ZN,MEMBRANE
2669,PROTEIN,P78423
2670,ZN,MEMBRANE
2671,PROTEIN,Q15465
2672,ZN,MEMBRANE
2673,PROTEIN,Q63881
2674,ZN,MEMBRANE
2675,PROTEIN,Q64663
2676,ZN,MEMBRANE
2677,PROTEIN,Q8NRS3
2678,ZN,MEMBRANE
2679,PROTEIN,Q9JZN9
2680,ZN,MEMBRANE
2681,PROTEIN,S7AS11
2682,ZN,MEMBRANE
2683,PROTEIN/IMMUNE
2684,SYSTEM,Q86V24
2685,ZN,METAL
2686,BINDING
2687,PROTEIN,
2688,3.4.11.10"
2689,ZN,METAL
2690,BINDING
2691,PROTEIN,A0A0M3KL72
2692,ZN,METAL
2693,BINDING
2694,PROTEIN,A0A2D2CWX5
2695,ZN,METAL
2696,BINDING
2697,PROTEIN,A1B2F3
2698,ZN,METAL
2699,BINDING
2700,PROTEIN,A4VY63
2701,ZN,METAL
2702,BINDING
2703,PROTEIN,A8AF35
2704,ZN,METAL
2705,BINDING
2706,PROTEIN,E2AXC7
2707,ZN,METAL
2708,BINDING
2709,PROTEIN,G4TKU4
2710,ZN,METAL
2711,BINDING
2712,PROTEIN,J2EKT7
2713,ZN,METAL
2714,BINDING
2715,PROTEIN,O60232
2716,ZN,METAL
2717,BINDING
2718,PROTEIN,O60711
2719,ZN,METAL
2720,BINDING
2721,PROTEIN,O75821
2722,ZN,METAL
2723,BINDING
2724,PROTEIN,O94929
2725,ZN,METAL
2726,BINDING
2727,PROTEIN,O95696
2728,ZN,METAL
2729,BINDING
2730,PROTEIN,P02638
2731,ZN,METAL
2732,BINDING
2733,PROTEIN,P03126
2734,ZN,METAL
2735,BINDING
2736,PROTEIN,P04271
2737,ZN,METAL
2738,BINDING
2739,PROTEIN,P0A6Z6
2740,ZN,METAL
2741,BINDING
2742,PROTEIN,P0AB60
2743,ZN,METAL
2744,BINDING
2745,PROTEIN,P0ABE7
2746,ZN,METAL
2747,BINDING
2748,PROTEIN,P0C631
2749,ZN,METAL
2750,BINDING
2751,PROTEIN,P15498
2752,ZN,METAL
2753,BINDING
2754,PROTEIN,P19909
2755,ZN,METAL
2756,BINDING
2757,PROTEIN,P22893
2758,ZN,METAL
2759,BINDING
2760,PROTEIN,P24627
2761,ZN,METAL
2762,BINDING
2763,PROTEIN,P30331
2764,ZN,METAL
2765,BINDING
2766,PROTEIN,P32173
2767,ZN,METAL
2768,BINDING
2769,PROTEIN,P33187
2770,ZN,METAL
2771,BINDING
2772,PROTEIN,P39081
2773,ZN,METAL
2774,BINDING
2775,PROTEIN,P47224
2776,ZN,METAL
2777,BINDING
2778,PROTEIN,P70475
2779,ZN,METAL
2780,BINDING
2781,PROTEIN,P73085
2782,ZN,METAL
2783,BINDING
2784,PROTEIN,P80171
2785,ZN,METAL
2786,BINDING
2787,PROTEIN,Q00403
2788,ZN,METAL
2789,BINDING
2790,PROTEIN,Q05158
2791,ZN,METAL
2792,BINDING
2793,PROTEIN,Q08326
2794,ZN,METAL
2795,BINDING
2796,PROTEIN,Q13490
2797,ZN,METAL
2798,BINDING
2799,PROTEIN,Q20595
2800,ZN,METAL
2801,BINDING
2802,PROTEIN,Q28PN4
2803,ZN,METAL
2804,BINDING
2805,PROTEIN,Q45588
2806,ZN,METAL
2807,BINDING
2808,PROTEIN,Q58855
2809,ZN,METAL
2810,BINDING
2811,PROTEIN,Q5SH22
2812,ZN,METAL
2813,BINDING
2814,PROTEIN,Q5SHJ4
2815,ZN,METAL
2816,BINDING
2817,PROTEIN,Q6SJB6
2818,ZN,METAL
2819,BINDING
2820,PROTEIN,Q70LE5
2821,ZN,METAL
2822,BINDING
2823,PROTEIN,Q75NZ1
2824,ZN,METAL
2825,BINDING
2826,PROTEIN,Q79EF9
2827,ZN,METAL
2828,BINDING
2829,PROTEIN,Q7Z6E9
2830,ZN,METAL
2831,BINDING
2832,PROTEIN,Q8A0N7
2833,ZN,METAL
2834,BINDING
2835,PROTEIN,Q8CFC2
2836,ZN,METAL
2837,BINDING
2838,PROTEIN,Q8DQ08
2839,ZN,METAL
2840,BINDING
2841,PROTEIN,Q8DQ09
2842,ZN,METAL
2843,BINDING
2844,PROTEIN,Q8IW19
2845,ZN,METAL
2846,BINDING
2847,PROTEIN,Q8K0W9
2848,ZN,METAL
2849,BINDING
2850,PROTEIN,Q8U3S0
2851,ZN,METAL
2852,BINDING
2853,PROTEIN,Q8U3V1
2854,ZN,METAL
2855,BINDING
2856,PROTEIN,Q8WVD5
2857,ZN,METAL
2858,BINDING
2859,PROTEIN,Q8WZ73
2860,ZN,METAL
2861,BINDING
2862,PROTEIN,Q96C24
2863,ZN,METAL
2864,BINDING
2865,PROTEIN,Q96ME7
2866,ZN,METAL
2867,BINDING
2868,PROTEIN,Q96T51
2869,ZN,METAL
2870,BINDING
2871,PROTEIN,Q96YV5
2872,ZN,METAL
2873,BINDING
2874,PROTEIN,Q99YU7
2875,ZN,METAL
2876,BINDING
2877,PROTEIN,Q9BQI0
2878,ZN,METAL
2879,BINDING
2880,PROTEIN,Q9BTP6
2881,ZN,METAL
2882,BINDING
2883,PROTEIN,Q9H0W7
2884,ZN,METAL
2885,BINDING
2886,PROTEIN,Q9H0W9
2887,ZN,METAL
2888,BINDING
2889,PROTEIN,Q9NVV9
2890,ZN,METAL
2891,BINDING
2892,PROTEIN,Q9NWV4
2893,ZN,METAL
2894,BINDING
2895,PROTEIN,Q9WMX2
2896,ZN,METAL
2897,BINDING
2898,PROTEIN,Q9WZ29
2899,ZN,METAL
2900,BINDING
2901,PROTEIN,Q9WZ49
2902,ZN,METAL
2903,BINDING
2904,PROTEIN/PROTEIN
2905,TRANSPORT,P38862
2906,ZN,METAL
2907,BINDING,Q8P6F4
2908,ZN,METAL
2909,TRANSPORT,A0A1E7PHN7
2910,ZN,METAL
2911,TRANSPORT,O29901
2912,ZN,METAL
2913,TRANSPORT,O64474
2914,ZN,METAL
2915,TRANSPORT,Q0P8Q4
2916,ZN,METAL
2917,TRANSPORT,Q0PBI7
2918,ZN,METAL
2919,TRANSPORT,Q1LCD7
2920,ZN,METAL
2921,TRANSPORT,Q56952
2922,ZN,METAL
2923,TRANSPORT,Q99XV3
2924,ZN,METAL
2925,TRANSPORT,Q9D7P6
2926,ZN,METAL
2927,TRANSPORT,Q9UJ78
2928,ZN,METALLOPROTEASE,P03956
2929,ZN,METALLOPROTEASE,P12821
2930,ZN,METALLOTHIONEIN,P04355
2931,ZN,MOTILITY,Q7YXJ9
2932,ZN,MOTOR
2933,PROTEIN,Q5SLC9
2934,ZN,Metal-binding
2935,protein/nuclear
2936,Protein,Q9H0M4
2937,ZN,NUCLEAR
2938,PROTEIN,B9T8Q5
2939,ZN,NUCLEAR
2940,PROTEIN,P09234
2941,ZN,NUCLEAR
2942,PROTEIN,P13699
2943,ZN,NUCLEAR
2944,PROTEIN,Q9Y6X9
2945,ZN,ONCOPROTEIN,P06788
2946,ZN,ONCOPROTEIN,P26554
2947,ZN,OXIDOREDUCTASE,
2948,1.14.11.-"
2949,ZN,OXIDOREDUCTASE,1.1.1.4
2950,ZN,OXIDOREDUCTASE,A0A1C7D195
2951,ZN,OXIDOREDUCTASE,A0A3B6UEU3
2952,ZN,OXIDOREDUCTASE,A0ZPR9
2953,ZN,OXIDOREDUCTASE,A1X808
2954,ZN,OXIDOREDUCTASE,A2QS62
2955,ZN,OXIDOREDUCTASE,A3MTM6
2956,ZN,OXIDOREDUCTASE,B2ZB02
2957,ZN,OXIDOREDUCTASE,C4R0S8
2958,ZN,OXIDOREDUCTASE,C5XC49
2959,ZN,OXIDOREDUCTASE,D0ITF8
2960,ZN,OXIDOREDUCTASE,J7JYU1
2961,ZN,OXIDOREDUCTASE,M4VRJ6
2962,ZN,OXIDOREDUCTASE,O13702
2963,ZN,OXIDOREDUCTASE,O31851
2964,ZN,OXIDOREDUCTASE,O42703
2965,ZN,OXIDOREDUCTASE,O75164
2966,ZN,OXIDOREDUCTASE,P00330
2967,ZN,OXIDOREDUCTASE,P00338
2968,ZN,OXIDOREDUCTASE,P00445
2969,ZN,OXIDOREDUCTASE,P06525
2970,ZN,OXIDOREDUCTASE,P07327
2971,ZN,OXIDOREDUCTASE,P08294
2972,ZN,OXIDOREDUCTASE,P0A9S5
2973,ZN,OXIDOREDUCTASE,P25984
2974,ZN,OXIDOREDUCTASE,P32816
2975,ZN,OXIDOREDUCTASE,P41229
2976,ZN,OXIDOREDUCTASE,P75691
2977,ZN,OXIDOREDUCTASE,P77280
2978,ZN,OXIDOREDUCTASE,Q41931
2979,ZN,OXIDOREDUCTASE,Q46UZ9
2980,ZN,OXIDOREDUCTASE,Q58122
2981,ZN,OXIDOREDUCTASE,Q59096
2982,ZN,OXIDOREDUCTASE,Q6B0I6
2983,ZN,OXIDOREDUCTASE,Q8KLT9
2984,ZN,OXIDOREDUCTASE,Q93RE9
2985,ZN,OXIDOREDUCTASE,Q94G59
2986,ZN,OXIDOREDUCTASE,Q9H3R0
2987,ZN,OXIDOREDUCTASE,Q9HTD9
2988,ZN,OXIDOREDUCTASE,Q9WZ12
2989,ZN,OXIDOREDUCTASE/OXIDOREDUCTASE
2990,INHIBITOR,
2991,1.1.1.-
2992,ZN,OXYGEN
2993,STORAGE/TRANSPORT,P80592
2994,ZN,OXYGEN
2995,TRANSPORT,P02185
2996,ZN,PEPTIDE
2997,BINDING
2998,PROTEIN,G0S1N3
2999,ZN,PEPTIDE
3000,BINDING
3001,PROTEIN,P71590
3002,ZN,PEPTIDE
3003,BINDING
3004,PROTEIN,Q07820
3005,ZN,PHOSPHOTRANSFERASE,P69783
3006,ZN,PHOSPHOTRIESTERASE,P45548
3007,ZN,PHOTOSYNTHESIS,P0C0Y7
3008,ZN,PHOTOSYNTHESIS,P12302
3009,ZN,PHOTOSYNTHESIS,P73048
3010,ZN,POLYSACCHARIDE-BINDING
3011,PROTEIN,Q0R411
3012,ZN,PROTEIN
3013,BINDING,M4STU1
3014,ZN,PROTEIN
3015,BINDING,O29280
3016,ZN,PROTEIN
3017,BINDING,O89053
3018,ZN,PROTEIN
3019,BINDING,O95639
3020,ZN,PROTEIN
3021,BINDING,P04275
3022,ZN,PROTEIN
3023,BINDING,P04608
3024,ZN,PROTEIN
3025,BINDING,P13689
3026,ZN,PROTEIN
3027,BINDING,P19508
3028,ZN,PROTEIN
3029,BINDING,P38507
3030,ZN,PROTEIN
3031,BINDING,P46680
3032,ZN,PROTEIN
3033,BINDING,P70662
3034,ZN,PROTEIN
3035,BINDING,Q51912
3036,ZN,PROTEIN
3037,BINDING,Q53ET0
3038,ZN,PROTEIN
3039,BINDING,Q92785
3040,ZN,PROTEIN
3041,BINDING,Q92793
3042,ZN,PROTEIN
3043,BINDING,Q96CV9
3044,ZN,PROTEIN
3045,BINDING,Q9CQV6
3046,ZN,PROTEIN
3047,BINDING,Q9DEA6
3048,ZN,PROTEIN
3049,BINDING,Q9ES54
3050,ZN,PROTEIN
3051,BINDING,Q9NUX5
3052,ZN,PROTEIN
3053,BINDING,Q9UJ41
3054,ZN,PROTEIN
3055,BINDING,Q9Y6K9
3056,ZN,PROTEIN
3057,BINDING,Q9ZVD0
3058,ZN,PROTEIN
3059,BINDING/METAL
3060,BINDING
3061,PROTEIN,P21580
3062,ZN,PROTEIN
3063,BINDING/METAL
3064,BINDING
3065,PROTEIN,Q6NZ36
3066,ZN,PROTEIN
3067,TRANSPORT,A0A3Q0L2V2
3068,ZN,PROTEIN
3069,TRANSPORT,O95166
3070,ZN,PROTEIN
3071,TRANSPORT,O95487
3072,ZN,PROTEIN
3073,TRANSPORT,P09986
3074,ZN,PROTEIN
3075,TRANSPORT,P40727
3076,ZN,PROTEIN
3077,TRANSPORT,P53992
3078,ZN,PROTEIN
3079,TRANSPORT,Q06696
3080,ZN,PROTEIN
3081,TRANSPORT,Q15075
3082,ZN,PROTEIN
3083,TRANSPORT,Q15436
3084,ZN,PROTEIN
3085,TRANSPORT,Q5CRY1
3086,ZN,PROTEIN
3087,TRANSPORT,Q5ZYB7
3088,ZN,PROTEIN
3089,TRANSPORT,Q8IYB5
3090,ZN,PROTEIN
3091,TRANSPORT,Q96T51
3092,ZN,PROTEIN
3093,TRANSPORT,Q9BI08
3094,ZN,PROTEIN
3095,TRANSPORT/ENDOCYTOSIS,
3096,ZN,RECEPTOR,Q0P9X8
3097,ZN,RECOMBINATION,Q5SHY0
3098,ZN,RECOMBINATION,Q74ZQ8
3099,ZN,RECOMBINATION,Q8RDI4
3100,ZN,RECOMBINATION,Q9ZNA2
3101,ZN,REPLICATION,O27798
3102,ZN,REPLICATION,P06567
3103,ZN,REPLICATION,Q54324
3104,ZN,REPLICATION,Q5EAW4
3105,ZN,REPLICATION,Q9HK10
3106,ZN,RIBOSOMAL
3107,PROTEIN,
3108,ZN,RIBOSOMAL
3109,PROTEIN,Q9HJ78
3110,ZN,RIBOSOME,
3111,ZN,RIBOSOME,P80256
3112,ZN,RIBOSOME,Q8BW10
3113,ZN,RNA
3114,BINDING
3115,PROTEIN,A0A0S4TJL4
3116,ZN,RNA
3117,BINDING
3118,PROTEIN,A1RZU2
3119,ZN,RNA
3120,BINDING
3121,PROTEIN,A9CK16
3122,ZN,RNA
3123,BINDING
3124,PROTEIN,H9CZL7
3125,ZN,RNA
3126,BINDING
3127,PROTEIN,O42978
3128,ZN,RNA
3129,BINDING
3130,PROTEIN,O43809
3131,ZN,RNA
3132,BINDING
3133,PROTEIN,P02417
3134,ZN,RNA
3135,BINDING
3136,PROTEIN,P26368
3137,ZN,RNA
3138,BINDING
3139,PROTEIN,P52756
3140,ZN,RNA
3141,BINDING
3142,PROTEIN,P81303
3143,ZN,RNA
3144,BINDING
3145,PROTEIN,P98175
3146,ZN,RNA
3147,BINDING
3148,PROTEIN,Q12339
3149,ZN,RNA
3150,BINDING
3151,PROTEIN,Q8AVN9
3152,ZN,RNA
3153,BINDING
3154,PROTEIN,Q8IWR0
3155,ZN,RNA
3156,BINDING
3157,PROTEIN,Q8WTR7
3158,ZN,RNA
3159,BINDING
3160,PROTEIN,Q96AE4
3161,ZN,RNA
3162,BINDING
3163,PROTEIN,Q9UUI1
3164,ZN,RNA
3165,BINDING
3166,PROTEIN,Q9XUB2
3167,ZN,Recombination/DNA
3168,binding,Q7ZV09
3169,ZN,SERINE
3170,PROTEASE,P48052
3171,ZN,SIGNALING
3172,PROTEIN,A0A0M3KL17
3173,ZN,SIGNALING
3174,PROTEIN,A4TVL0
3175,ZN,SIGNALING
3176,PROTEIN,M4STU1
3177,ZN,SIGNALING
3178,PROTEIN,O34667
3179,ZN,SIGNALING
3180,PROTEIN,O35254
3181,ZN,SIGNALING
3182,PROTEIN,O43323
3183,ZN,SIGNALING
3184,PROTEIN,O43813
3185,ZN,SIGNALING
3186,PROTEIN,O60462
3187,ZN,SIGNALING
3188,PROTEIN,P02699
3189,ZN,SIGNALING
3190,PROTEIN,P04278
3191,ZN,SIGNALING
3192,PROTEIN,P06703
3193,ZN,SIGNALING
3194,PROTEIN,P0AE85
3195,ZN,SIGNALING
3196,PROTEIN,P12755
3197,ZN,SIGNALING
3198,PROTEIN,P12757
3199,ZN,SIGNALING
3200,PROTEIN,P27870
3201,ZN,SIGNALING
3202,PROTEIN,P28026
3203,ZN,SIGNALING
3204,PROTEIN,P40748
3205,ZN,SIGNALING
3206,PROTEIN,P44007
3207,ZN,SIGNALING
3208,PROTEIN,P52757
3209,ZN,SIGNALING
3210,PROTEIN,Q13422
3211,ZN,SIGNALING
3212,PROTEIN,Q13489
3213,ZN,SIGNALING
3214,PROTEIN,Q13501
3215,ZN,SIGNALING
3216,PROTEIN,Q15465
3217,ZN,SIGNALING
3218,PROTEIN,Q8L3E1
3219,ZN,SIGNALING
3220,PROTEIN,Q8TCG1
3221,ZN,SIGNALING
3222,PROTEIN,Q96QV1
3223,ZN,SIGNALING
3224,PROTEIN,Q96SW2
3225,ZN,SIGNALING
3226,PROTEIN,Q970L2
3227,ZN,SIGNALING
3228,PROTEIN,Q9GZZ9
3229,ZN,SIGNALING
3230,PROTEIN,Q9S5W7
3231,ZN,SIGNALING
3232,PROTEIN,Q9UGI0
3233,ZN,SIGNALING
3234,PROTEIN,Rubredoxin
3235,ZN,SIGNALING
3236,PROTEIN/APOPTOSIS,P98170
3237,ZN,SIGNALING
3238,PROTEIN/METAL
3239,BINDING
3240,PROTEIN,Q9WUB0
3241,ZN,SIGNALING
3242,PROTEIN/SIGNALING
3243,PROTEIN,Q7Z4I7
3244,ZN,SPLICING,P19736
3245,ZN,SPLICING,P25337
3246,ZN,SPLICING,Q12046
3247,ZN,SPLICING,Q6IEG0
3248,ZN,STRUCTURAL
3249,GENOMICS,P76344
3250,ZN,STRUCTURAL
3251,GENOMICS,Q6N568
3252,ZN,STRUCTURAL
3253,PROTEIN,
3254,ZN,STRUCTURAL
3255,PROTEIN,A0A164TZ51
3256,ZN,STRUCTURAL
3257,PROTEIN,P20849
3258,ZN,STRUCTURAL
3259,PROTEIN,Q45996
3260,ZN,STRUCTURAL
3261,PROTEIN,Q9DQX7
3262,ZN,SUGAR
3263,BINDING
3264,PROTEIN,
3265,ZN,SUGAR
3266,BINDING
3267,PROTEIN,A0A3B6UEU4
3268,ZN,SUGAR
3269,BINDING
3270,PROTEIN,A7V4Y5
3271,ZN,SUGAR
3272,BINDING
3273,PROTEIN,O00182
3274,ZN,SUGAR
3275,BINDING
3276,PROTEIN,O00214
3277,ZN,SUGAR
3278,BINDING
3279,PROTEIN,Q8L5H4
3280,ZN,SURFACE
3281,ACTIVE
3282,PROTEIN,P52754
3283,ZN,Signaling
3284,Protein/Signaling
3285,Protein,P0AFX7
3286,ZN,TERNARY
3287,COMPLEX
3288,(ZYMOGEN),P00730
3289,ZN,TOXIN,A5H7H0
3290,ZN,TOXIN,O25552
3291,ZN,TOXIN,P0A0M0
3292,ZN,TOXIN,P0DJY7
3293,ZN,TOXIN,P19321
3294,ZN,TOXIN,P34071
3295,ZN,TOXIN,P69179
3296,ZN,TOXIN,P83512
3297,ZN,TOXIN,Q7T1K6
3298,ZN,TOXIN,Q837X5
3299,ZN,TOXIN,Q8AVA3
3300,ZN,TOXIN,Q93CC5
3301,ZN,TOXIN,Q9DGB9
3302,ZN,TOXIN/IMMUNE
3303,SYSTEM,P01552
3304,ZN,TRANSCRIPTION
3305,ACTIVATOR,P0ABY7
3306,ZN,TRANSCRIPTION
3307,FACTOR,P19793
3308,ZN,TRANSCRIPTION
3309,REGULATION,O31466
3310,ZN,TRANSCRIPTION
3311,REGULATION,P07248
3312,ZN,TRANSCRIPTION
3313,REGULATION,P08153
3314,ZN,TRANSCRIPTION
3315,REGULATION,P0CS82
3316,ZN,TRANSCRIPTION
3317,REGULATION,P23193
3318,ZN,TRANSCRIPTION
3319,REGULATION,P25502
3320,ZN,TRANSCRIPTION
3321,REGULATOR,Q15326
3322,ZN,TRANSCRIPTION
3323,REGULATOR,Q96ZY1
3324,ZN,TRANSCRIPTION
3325,REGULATOR,Q9V2W6
3326,ZN,TRANSCRIPTION,A0A0H2USX5
3327,ZN,TRANSCRIPTION,Bromodomain-containing
3328,protein
3329,1"
3330,ZN,TRANSCRIPTION,D5KM69
3331,ZN,TRANSCRIPTION,O00488
3332,ZN,TRANSCRIPTION,O13881
3333,ZN,TRANSCRIPTION,O43298
3334,ZN,TRANSCRIPTION,O60481
3335,ZN,TRANSCRIPTION,O75398
3336,ZN,TRANSCRIPTION,O84957
3337,ZN,TRANSCRIPTION,O85142
3338,ZN,TRANSCRIPTION,O95218
3339,ZN,TRANSCRIPTION,O96006
3340,ZN,TRANSCRIPTION,P04637
3341,ZN,TRANSCRIPTION,P0ABS1
3342,ZN,TRANSCRIPTION,P17429
3343,ZN,TRANSCRIPTION,P19544
3344,ZN,TRANSCRIPTION,P35269
3345,ZN,TRANSCRIPTION,P37553
3346,ZN,TRANSCRIPTION,P43694
3347,ZN,TRANSCRIPTION,P50456
3348,ZN,TRANSCRIPTION,P63272
3349,ZN,TRANSCRIPTION,Q03067
3350,ZN,TRANSCRIPTION,Q13118
3351,ZN,TRANSCRIPTION,Q14CW9
3352,ZN,TRANSCRIPTION,Q20646
3353,ZN,TRANSCRIPTION,Q2HR75
3354,ZN,TRANSCRIPTION,Q43965
3355,ZN,TRANSCRIPTION,Q57839
3356,ZN,TRANSCRIPTION,Q5SXI5
3357,ZN,TRANSCRIPTION,Q6CK86
3358,ZN,TRANSCRIPTION,Q700D2
3359,ZN,TRANSCRIPTION,Q7TS63
3360,ZN,TRANSCRIPTION,Q86U86
3361,ZN,TRANSCRIPTION,Q8IY57
3362,ZN,TRANSCRIPTION,Q8N5A5
3363,ZN,TRANSCRIPTION,Q8TF39
3364,ZN,TRANSCRIPTION,Q8UGY0
3365,ZN,TRANSCRIPTION,Q8YAF1
3366,ZN,TRANSCRIPTION,Q960Q9
3367,ZN,TRANSCRIPTION,Q969R5
3368,ZN,TRANSCRIPTION,Q96EK4
3369,ZN,TRANSCRIPTION,Q9H4T2
3370,ZN,TRANSCRIPTION,Q9H9Z2
3371,ZN,TRANSCRIPTION,Q9JJN2
3372,ZN,TRANSCRIPTION,Q9NPI1
3373,ZN,TRANSCRIPTION,Q9NQV5
3374,ZN,TRANSCRIPTION,Q9RFN3
3375,ZN,TRANSCRIPTION,Q9SI37
3376,ZN,TRANSCRIPTION,Q9SU24
3377,ZN,TRANSCRIPTION,Q9U405
3378,ZN,TRANSCRIPTION,Q9UIF9
3379,ZN,TRANSCRIPTION,Q9UIH9
3380,ZN,TRANSCRIPTION,Q9UKN5
3381,ZN,TRANSCRIPTION,Q9V9W8
3382,ZN,TRANSCRIPTION,Q9WXS0
3383,ZN,TRANSCRIPTION/PROTEIN
3384,BINDING,O43918
3385,ZN,TRANSCRIPTION/Protein
3386,Binding,O15164
3387,ZN,TRANSFERASE,B0SN40
3388,ZN,TRANSFERASE,O66496
3389,ZN,TRANSFERASE,P00568
3390,ZN,TRANSFERASE,P16688
3391,ZN,TRANSFERASE,P56060
3392,ZN,TRANSFERASE,Q47506
3393,ZN,TRANSFERASE,Q5CZ29
3394,ZN,TRANSFERASE,Q5SHV8
3395,ZN,TRANSFERASE,Q8F3Q1
3396,ZN,TRANSFERASE,Q8WS26
3397,ZN,TRANSLATION,A0A1C7D1B6
3398,ZN,TRANSLATION,D3JCX0
3399,ZN,TRANSLATION,O27797
3400,ZN,TRANSLATION,O61955
3401,ZN,TRANSLATION,P05198
3402,ZN,TRANSLATION,P10081
3403,ZN,TRANSLATION,P12962
3404,ZN,TRANSLATION,P55010
3405,ZN,TRANSLATION,Q57562
3406,ZN,TRANSLATION,Q8U3I5
3407,ZN,TRANSLATION,Q97VU8
3408,ZN,TRANSLATION,Q97W59
3409,ZN,TRANSLATION,Q980V5
3410,ZN,TRANSLATION,Q9UKA9
3411,ZN,TRANSLATION/REGULATION
3412,PROTEIN,P41772
3413,ZN,TRANSPORT
3414,PROTEIN,"P19492
3415,ZN,TRANSPORT
3416,PROTEIN,A0A0H3JTS7
3417,ZN,TRANSPORT
3418,PROTEIN,A0A1L8F5J9
3419,ZN,TRANSPORT
3420,PROTEIN,O75311
3421,ZN,TRANSPORT
3422,PROTEIN,P02754
3423,ZN,TRANSPORT
3424,PROTEIN,P40482
3425,ZN,TRANSPORT
3426,PROTEIN,P42262
3427,ZN,TRANSPORT
3428,PROTEIN,P64605
3429,ZN,TRANSPORT
3430,PROTEIN,Q00194
3431,ZN,TRANSPORT
3432,PROTEIN,Q29147
3433,ZN,TRANSPORT
3434,PROTEIN,Q74FS9
3435,ZN,TRANSPORT
3436,PROTEIN,Q8VLX7
3437,ZN,Transcription
3438,regulation/ONCOPROTEIN,P17679
3439,ZN,Transcription
3440,regulator,P03047
3441,ZN,Transcription
3442,regulator,P41182
3443,ZN,Transcription
3444,regulator,Q9KIJ2
3445,ZN,Transcription/MEMBRANE
3446,PROTEIN,P9WJ67
3447,ZN,UNKNOWN
3448,FUNCTION,A0A0E3CPJ0
3449,ZN,UNKNOWN
3450,FUNCTION,A0A0H3K0M1
3451,ZN,UNKNOWN
3452,FUNCTION,A0A0H3MH91
3453,ZN,UNKNOWN
3454,FUNCTION,A0A1D1UN89
3455,ZN,UNKNOWN
3456,FUNCTION,A0A383R4X5
3457,ZN,UNKNOWN
3458,FUNCTION,A0A3F2YM24
3459,ZN,UNKNOWN
3460,FUNCTION,A0QTY3
3461,ZN,UNKNOWN
3462,FUNCTION,A0R095
3463,ZN,UNKNOWN
3464,FUNCTION,A5A677
3465,ZN,UNKNOWN
3466,FUNCTION,B2C3H7
3467,ZN,UNKNOWN
3468,FUNCTION,B2J0I0
3469,ZN,UNKNOWN
3470,FUNCTION,C8UME7
3471,ZN,UNKNOWN
3472,FUNCTION,D0VWZ9
3473,ZN,UNKNOWN
3474,FUNCTION,O25673
3475,ZN,UNKNOWN
3476,FUNCTION,P51531
3477,ZN,UNKNOWN
3478,FUNCTION,P67273
3479,ZN,UNKNOWN
3480,FUNCTION,P9WJA3
3481,ZN,UNKNOWN
3482,FUNCTION,P9WPJ7
3483,ZN,UNKNOWN
3484,FUNCTION,Q0RYE0
3485,ZN,UNKNOWN
3486,FUNCTION,Q53W91
3487,ZN,UNKNOWN
3488,FUNCTION,Q72Q78
3489,ZN,UNKNOWN
3490,FUNCTION,Q81XH9
3491,ZN,UNKNOWN
3492,FUNCTION,Q838R9
3493,ZN,UNKNOWN
3494,FUNCTION,Q88G17
3495,ZN,UNKNOWN
3496,FUNCTION,Q8U1S6
3497,ZN,UNKNOWN
3498,FUNCTION,Q97VZ8
3499,ZN,UNKNOWN
3500,FUNCTION,Q9A679
3501,ZN,UNKNOWN
3502,FUNCTION,Q9X1J4
3503,ZN,VIRAL
3504,PROTEIN,A0A1J0MGR2
3505,ZN,VIRAL
3506,PROTEIN,B7U676
3507,ZN,VIRAL
3508,PROTEIN,D3W0F1
3509,ZN,VIRAL
3510,PROTEIN,G3G955
3511,ZN,VIRAL
3512,PROTEIN,K4KA16
3513,ZN,VIRAL
3514,PROTEIN,Mastermind-like
3515,protein
3516,1"
3517,ZN,VIRAL
3518,PROTEIN,P03070
3519,ZN,VIRAL
3520,PROTEIN,P03126
3521,ZN,VIRAL
3522,PROTEIN,P03390
3523,ZN,VIRAL
3524,PROTEIN,P03527
3525,ZN,VIRAL
3526,PROTEIN,P04585
3527,ZN,VIRAL
3528,PROTEIN,P04637
3529,ZN,VIRAL
3530,PROTEIN,P07567
3531,ZN,VIRAL
3532,PROTEIN,P10215
3533,ZN,VIRAL
3534,PROTEIN,P10238
3535,ZN,VIRAL
3536,PROTEIN,P18140
3537,ZN,VIRAL
3538,PROTEIN,P32540
3539,ZN,VIRAL
3540,PROTEIN,Q5I3C1
3541,ZN,VIRAL
3542,PROTEIN,Q64823
3543,ZN,VIRAL
3544,PROTEIN,Q6XNL3
3545,ZN,VIRAL
3546,PROTEIN,Q6ZYH1
3547,ZN,VIRAL
3548,PROTEIN,Q89444
3549,ZN,VIRAL
3550,PROTEIN,protein
3551,E6
3552,chimera"
3553,ZN,VIRAL
3554,PROTEIN/HYDROLASE,
3555,3.4.17.-"
3556,ZN,VIRUS
3557,LIKE
3558,PARTICLE,Q7K1U0
3559,ZN,VIRUS
3560,LIKE
3561,PARTICLE,Q80RD6
3562,ZN,Viral
3563,Protein/VPX-BINDING
3564,PROTEIN,Q7ZB17
3565,ZN,ZINC
3566,FINGER
3567,DNA
3568,BINDING
3569,DOMAIN,P08045
3570,ZN,ZINC
3571,FINGER
3572,DNA
3573,BINDING
3574,DOMAIN,P08048
3575,ZN,ZINC
3576,FINGER
3577,DNA
3578,BINDING
3579,DOMAIN,P08153
3580,ZN,ZINC-BINDING
3581,PROTEIN,A0A0H2ZP82
3582,ZN,ZINC-BINDING
3583,PROTEIN,Q92021
3584,ZN,ZN
3585,BINDING
3586,PROTEIN,P75797
3587,ZN,acyl-CoA
3588,binding
3589,protein,Q97WQ4
3590,ZN,hormone/growth
3591,factor/receptor,O08543
3592,ZN,viral
3593,protein/immune
3594,system,E1ANT9
